CFP ORDER,CFC ORDER,Issue,CFP Contract No.,CFC Contract No.,Invoice No.,Model,Color,Qty,Truck,Product No.,Destination,EPA,PRODUCTION DATE,LOADING DATE,ETD,ETA to door,TRAILER No.,CARRIER,Remarks,,,,
"2025
Nov.Order
PO251101",,,CFM-25MX-CFM402938C-14,25MX-CFM402938C,CFM-25CFTT406468-14,CM1000UZ-8L,Nebula Black,8,1*53'Truck,U26BZABBMUSE0,Kansas,49 STATES,2026/2/13,2026-03-02,2026-03-02,2026-03-14,,,10252311,2026-02-13,0,,
,,,CFM-25MX-CFM402938C-15,25MX-CFM402938C,CFM-25CFTT406468-15,CM1000UZ-8L,Nebula Black,8,1*53'Truck,U26BZABBMUSE0,Kansas,49 STATES,2026/2/13,2026-03-02,2026-03-02,2026-03-14,,,10252312,2026-02-13,0,,
,,,CFM-25MX-CFM402938C-16,25MX-CFM402938C,CFM-25CFTT406468-16,CM1000UZ-8L,Nebula Black,8,1*53'Truck,U26BZABBMUSE0,Kansas,49 STATES,2026/2/13,2026-03-02,2026-03-02,2026-03-14,,,10252313,2026-02-13,0,,
,,,CFM-25MX-CFM402938C-17,25MX-CFM402938C,CFM-25CFTT406468-17,CM1000UZ-8L,Nebula Black,8,1*53'Truck,U26BZABBMUSE0,Kansas,49 STATES,2026/2/13,2026-03-02,2026-03-02,2026-03-14,,,10252314,2026-02-13,0,,
,,,CFM-25MX-CFM402945C-12,25MX-CFM402945C,CFM-25CFTT406476-12,CM1000UZ-8L,TT Kanati,8,1*53'Truck,U26BZABK1USE0,Kansas,49 STATES,2026/2/12,2026-03-02,2026-03-02,2026-03-14,,,10252363,2026-02-12,0,,
,,,CFM-25MX-CFM402945C-14,25MX-CFM402945C,CFM-25CFTT406476-14,CM1000UZ-8L,TT Kanati,8,1*53'Truck,U26BZABK1USE0,Kansas,49 STATES,2026/2/12,2026-03-02,2026-03-02,2026-03-14,,,10252365,2026-02-12,0,,
,,,CFM-25MX-CFM402945C-15,25MX-CFM402945C,CFM-25CFTT406476-15,CM1000UZ-8L,TT Kanati,8,1*53'Truck,U26BZABK1USE0,Kansas,49 STATES,2026/2/12,2026-03-02,2026-03-02,2026-03-14,,,10252366,2026-02-12,0,,
,,,CFM-25MX-CFM402945C-16,25MX-CFM402945C,CFM-25CFTT406476-16,CM1000UZ-8L,TT Kanati,8,1*53'Truck,U26BZABK1USE0,Kansas,49 STATES,2026/2/12,2026-03-02,2026-03-02,2026-03-14,,,10252367,2026-02-12,0,,
,,,CFM-26PIM-170122,26PIM-170122,CFM-25CFTT176696,CM1000SZ-3L,Magma Red,8,1*53'Truck,Z26AVA5RMUSE0,Kansas,49 STATES,2026/1/23,2026-03-03,2026-03-03,2026-03-15,,,10253826,2026-01-23,0,,
,,,CFM-26PIM-170122-1,26PIM-170122-1,CFM-25CFTT176696-1,CM1000SZ-3L,Granite Ridge,8,1*53'Truck,Z26AVA5BQUSE0,Kansas,49 STATES,2026/1/23,2026-03-03,2026-03-03,2026-03-15,,,10253827,2026-01-23,0,,
,,,CFM-26PIM-170122-2,26PIM-170122-2,CFM-25CFTT176696-2,CM1000SZ-3L,Magma Red,8,1*53'Truck,Z26AVA5RMUSE0,Kansas,49 STATES,2026/1/23,2026-03-03,2026-03-03,2026-03-15,,,10253833,2026-01-23,0,,
,,,CFM-26PIM-170122-3,26PIM-170122-3,CFM-25CFTT176696-3,CM1000SZ-3L,Granite Ridge,8,1*53'Truck,Z26AVA5BQUSE0,Kansas,49 STATES,2026/1/23,2026-03-03,2026-03-03,2026-03-15,,,10253834,2026-01-23,0,,
,,,CFM-26PIM-170122-4,26PIM-170122-4,CFM-25CFTT176696-4,CM1000SZ-3L,Magma Red,8,1*53'Truck,Z26AVA5RMUSE0,Kansas,49 STATES,2026/1/24,2026-03-03,2026-03-03,2026-03-15,,,10253835,2026-01-24,0,,
,,,CFM-26PIM-170122-5,26PIM-170122-5,CFM-25CFTT176696-5,CM1000SZ-3L,Granite Ridge,8,1*53'Truck,Z26AVA5BQUSE0,Kansas,49 STATES,2026/1/24,2026-03-03,2026-03-03,2026-03-15,,,10253836,2026-01-24,0,,
,,,CFM-26PIM-170122-6,26PIM-170122-6,CFM-25CFTT176696-6,CM1000SZ-3L,Magma Red,8,1*53'Truck,Z26AVA5RMUSE0,Kansas,49 STATES,2026/1/24,2026-03-03,2026-03-03,2026-03-15,,,10253837,2026-01-24,0,,
,,,CFM-26PIM-170122-7,26PIM-170122-7,CFM-25CFTT176696-7,CM1000SZ-3L,Granite Ridge,8,1*53'Truck,Z26AVA5BQUSE0,Kansas,49 STATES,2026/1/24,2026-03-03,2026-03-03,2026-03-15,,,10253838,2026-01-24,0,,
,,,CFM-26PIM-170221-2,26PIM-170221,CFM-25CFTT177036-2,CM1000SZ-3L,Magma Red,8,1*53'Truck,Z26AVA5RMUSE0,Kansas,49 STATES,2026/1/23,2026-03-03,2026-03-03,2026-03-15,,,10253828,2026-01-23,0,,
,,,CFM-26PIM-170221-3,26PIM-170221,CFM-25CFTT177036-3,CM1000SZ-3L,Magma Red,8,1*53'Truck,Z26AVA5RMUSE0,Kansas,49 STATES,2026/1/23,2026-03-03,2026-03-03,2026-03-15,,,10253829,2026-01-23,0,,
,,,CFM-26PIM-170221-6,26PIM-170221,CFM-25CFTT177036-6,CM1000SZ-3L,Magma Red,8,1*53'Truck,Z26AVA5RMUSE0,Kansas,49 STATES,2026/1/23,2026-03-03,2026-03-03,2026-03-15,,,10253832,2026-01-23,0,,
"2025
Dec.Order
PO251201",,,CFM-26PIM-170123-2,26PIM-170123-2,CFM-25CFTT176697-2,CM1000UZ,TT Kanati,10,1*53'Truck,U26ALA1K1USE0,Kansas,49 STATES,2026/1/28,2026-03-02,2026-03-02,2026-03-14,,,10253847,2026-01-28,0,,
,,,CFM-26PIM-170124-12,26PIM-170124-12,CFM-25CFTT176698-12,CM1000UZ,Nebula Black,10,1*53'Truck,U26ALA1BMUSE0,Kansas,49 STATES,2026/1/29,2026-03-02,2026-03-02,2026-03-14,,,10253859,2026-01-29,0,,
,,,CFM-26PIM-170125-7,26PIM-170125-7,CFM-25CFTT176699-7,CM1000UZ,Twilight Blue,10,1*53'Truck,U26ALA1ETUSE0,Kansas,49 STATES,2026/2/3,2026-03-02,2026-03-02,2026-03-14,,,10253878,2026-02-03,0,,
,,,CFM-26PIM-170128-5,26PIM-170128-5,CFM-25CFTT176702-5,CM1000UZ-2,Twilight Blue,8,1*53'Truck,U26AMA1ETUSE0,Kansas,49 STATES,2026/1/27,2026-03-02,2026-03-02,2026-03-14,,,10253900,2026-01-27,0,,
,,,CFM-26PIM-170128-6,26PIM-170128-6,CFM-25CFTT176702-6,CM1000UZ-2,Nebula Black,8,1*53'Truck,U26AMA1BMUSE0,Kansas,49 STATES,2026/1/27,2026-03-02,2026-03-02,2026-03-14,,,10253901,2026-01-27,0,,
,,,CFM-26PIM-170128-7,26PIM-170128-7,CFM-25CFTT176702-7,CM1000UZ-2,Twilight Blue,8,1*53'Truck,U26AMA1ETUSE0,Kansas,49 STATES,2026/3/2,2026-03-09,2026-03-09,2026-03-21,,,10253902,2026-03-02,0,,
,,,CFM-26PIM-170128-8,26PIM-170128-8,CFM-25CFTT176702-8,CM1000UZ-2,Nebula Black,8,1*53'Truck,U26AMA1BMUSE0,Kansas,49 STATES,2026/3/2,2026-03-09,2026-03-09,2026-03-21,,,10253903,2026-03-02,0,,
,,,CFM-26PIM-170128-9,26PIM-170128-9,CFM-25CFTT176702-9,CM1000UZ-2,Twilight Blue,8,1*53'Truck,U26AMA1ETUSE0,Kansas,49 STATES,2026/3/2,2026-03-09,2026-03-09,2026-03-21,,,10253904,2026-03-02,0,,
,,,CFM-26PIM-170128-10,26PIM-170128-10,CFM-25CFTT176702-10,CM1000UZ-2,Nebula Black,8,1*53'Truck,U26AMA1BMUSE0,Kansas,49 STATES,2026/3/2,2026-03-09,2026-03-09,2026-03-21,,,10253895,2026-03-02,0,,
,,,CFM-26PIM-170128-11,26PIM-170128-11,CFM-25CFTT176702-11,CM1000UZ-2,Twilight Blue,8,1*53'Truck,U26AMA1ETUSE0,Kansas,49 STATES,2026/3/2,2026-03-09,2026-03-09,2026-03-21,,,10253896,2026-03-02,0,,
,,,CFM-26PIM-170129,26PIM-170129,CFM-25CFTT176703,CM1000UZ-2,Nebula Black,8,1*53'Truck,U26AMA1BMUSE0,Kansas,49 STATES,2026/3/2,2026-03-09,2026-03-09,2026-03-21,,,10253905,2026-03-02,0,,
,,,CFM-26PIM-170129-1,26PIM-170129-1,CFM-25CFTT176703-1,CM1000UZ-2,Twilight Blue,8,1*53'Truck,U26AMA1ETUSE0,Kansas,49 STATES,2026/3/2,2026-03-09,2026-03-09,2026-03-21,,,10253906,2026-03-02,0,,
,,,CFM-26PIM-170129-2,26PIM-170129-2,CFM-25CFTT176703-2,CM1000UZ-2,Nebula Black,8,1*53'Truck,U26AMA1BMUSE0,Kansas,49 STATES,2026/3/2,2026-03-09,2026-03-09,2026-03-21,,,10253909,2026-03-02,0,,
,,,CFM-26PIM-170129-3,26PIM-170129-3,CFM-25CFTT176703-3,CM1000UZ-2,Twilight Blue,8,1*53'Truck,U26AMA1ETUSE0,Kansas,49 STATES,2026/3/2,2026-03-10,2026-03-10,2026-03-22,,,10253910,2026-03-02,0,,
,,,CFM-26PIM-170129-4,26PIM-170129-4,CFM-25CFTT176703-4,CM1000UZ-2,Nebula Black,8,1*53'Truck,U26AMA1BMUSE0,Kansas,49 STATES,2026/3/2,2026-03-10,2026-03-10,2026-03-22,,,10253911,2026-03-02,0,,
,,,CFM-26PIM-170129-5,26PIM-170129-5,CFM-25CFTT176703-5,CM1000UZ-2,Twilight Blue,8,1*53'Truck,U26AMA1ETUSE0,Kansas,49 STATES,2026/3/2,2026-03-10,2026-03-10,2026-03-22,,,10253912,2026-03-02,0,,
,,,CFM-26PIM-170129-6,26PIM-170129-6,CFM-25CFTT176703-6,CM1000UZ-2,Nebula Black,8,1*53'Truck,U26AMA1BMUSE0,Kansas,49 STATES,2026/3/2,2026-03-10,2026-03-10,2026-03-22,,,10253913,2026-03-02,0,,
,,,CFM-26PIM-170129-7,26PIM-170129-7,CFM-25CFTT176703-7,CM1000UZ-2,Twilight Blue,8,1*53'Truck,U26AMA1ETUSE0,Kansas,49 STATES,2026/3/2,2026-03-10,2026-03-10,2026-03-22,,,10253914,2026-03-02,0,,
,,,CFM-26PIM-170129-8,26PIM-170129-8,CFM-25CFTT176703-8,CM1000UZ-2,Nebula Black,8,1*53'Truck,U26AMA1BMUSE0,Kansas,49 STATES,2026/3/2,2026-03-10,2026-03-10,2026-03-22,,,10253915,2026-03-02,0,,
,,,CFM-26PIM-170129-9,26PIM-170129-9,CFM-25CFTT176703-9,CM1000UZ-2,Twilight Blue,8,1*53'Truck,U26AMA1ETUSE0,Kansas,49 STATES,2026/3/2,2026-03-10,2026-03-10,2026-03-22,,,10253916,2026-03-02,0,,
,,,CFM-26PIM-170129-10,26PIM-170129-10,CFM-25CFTT176703-10,CM1000UZ-2,Nebula Black,8,1*53'Truck,U26AMA1BMUSE0,Kansas,49 STATES,2026/3/2,2026-03-10,2026-03-10,2026-03-22,,,10253907,2026-03-02,0,,
,,,CFM-26PIM-170129-11,26PIM-170129-11,CFM-25CFTT176703-11,CM1000UZ-2,Twilight Blue,8,1*53'Truck,U26AMA1ETUSE0,Kansas,49 STATES,2026/3/2,2026-03-10,2026-03-10,2026-03-22,,,10253908,2026-03-02,0,,
,,,CFM-26PIM-170131-6,26PIM-170131-6,CFM-25CFTT176705-6,CM1000SZ-3,Nebula Black,10,1*53'Truck,Z26ATA5BMUSE0,Kansas,49 STATES,2026/1/22,2026-03-02,2026-03-02,2026-03-14,,,10253935,2026-01-22,0,,
,,,CFM-26PIM-170131-7,26PIM-170131-7,CFM-25CFTT176705-7,CM1000SZ-3,Magma Red,10,1*53'Truck,Z26ATA5RMUSE0,Kansas,49 STATES,2026/1/22,2026-03-02,2026-03-02,2026-03-14,,,10253936,2026-01-22,0,,
,,,CFM-26PIM-170131-8,26PIM-170131-8,CFM-25CFTT176705-8,CM1000SZ-3,Nebula Black,10,1*53'Truck,Z26ATA5BMUSE0,Kansas,49 STATES,2026/1/22,2026-03-02,2026-03-02,2026-03-14,,,10253937,2026-01-22,0,,
,,,CFM-26PIM-170132-7,26PIM-170132-7,CFM-25CFTT176706-7,CM1000SZ-3A,Magma Red,10,1*53'Truck,Z26AUA5RMUSE0,Kansas,49 STATES,2026/1/20,2026-03-02,2026-03-02,2026-03-14,,,10253946,2026-01-20,0,,
,,,CFM-26PIM-170133-8,26PIM-170133-8,CFM-25CFTT176707-8,CM1000SZ-3A,Nebula Black,10,1*53'Truck,Z26AUA5BMUSE0,Kansas,49 STATES,2026/1/21,2026-03-02,2026-03-02,2026-03-14,,,10253957,2026-01-21,0,,
,,,CFM-26PIM-170133-9,26PIM-170133-9,CFM-25CFTT176707-9,CM1000SZ-3A,Granite Ridge,10,1*53'Truck,Z26AUA5BQUSE0,Kansas,49 STATES,2026/1/21,2026-03-02,2026-03-02,2026-03-14,,,10253958,2026-01-21,0,,
,,,CFM-26PIM-170134-3,26PIM-170134-3,CFM-25CFTT176708-3,CM1000SZ-3L,Nebula Black,8,1*53'Truck,Z26AVA5BMUSE0,Kansas,49 STATES,2026/1/22,2026-03-02,2026-03-02,2026-03-14,,,10253962,2026-01-22,0,,
,,,CFM-26PIM-170135,26PIM-170135,CFM-25CFTT176709,CM1000SZ-3L,Nebula Black,8,1*53'Truck,Z26AVA5BMUSE0,Kansas,49 STATES,2026/1/22,2026-03-02,2026-03-02,2026-03-14,,,10253969,2026-01-22,0,,
,,,CFM-26PIM-170135-6,26PIM-170135-6,CFM-25CFTT176709-6,CM1000SZ-3L,Nebula Black,8,1*53'Truck,Z26AVA5BMUSE0,Kansas,49 STATES,2026/1/22,2026-03-02,2026-03-02,2026-03-14,,,10253975,2026-01-22,0,,
,,,CFM-26PIM-170139,26PIM-170139,CFM-25CFTT176712,CM1000SZ-3L,Nebula Black,8,1*53'Truck,Z26AVA5BMUSE0,Kansas,49 STATES,2026/1/24,2026-03-04,2026-03-04,2026-03-16,,,10253979,2026-01-24,0,,
,,,CFM-26PIM-170139-1,26PIM-170139-1,CFM-25CFTT176712-1,CM1000SZ-3L,Magma Red,8,1*53'Truck,Z26AVA5RMUSE0,Kansas,49 STATES,2026/1/24,2026-03-04,2026-03-04,2026-03-16,,,10253980,2026-01-24,0,,
,,,CFM-26PIM-170139-2,26PIM-170139-2,CFM-25CFTT176712-2,CM1000SZ-3L,Granite Ridge,8,1*53'Truck,Z26AVA5BQUSE0,Kansas,49 STATES,2026/1/24,2026-03-04,2026-03-04,2026-03-16,,,10253981,2026-01-24,0,,
,,,CFM-26PIM-170139-3,26PIM-170139-3,CFM-25CFTT176712-3,CM1000SZ-3L,Nebula Black,8,1*53'Truck,Z26AVA5BMUSE0,Kansas,49 STATES,2026/1/26,2026-03-04,2026-03-04,2026-03-16,,,10253982,2026-01-26,0,,
,,,CFM-26PIM-170139-4,26PIM-170139-4,CFM-25CFTT176712-4,CM1000SZ-3L,Granite Ridge,8,1*53'Truck,Z26AVA5BQUSE0,Kansas,49 STATES,2026/1/26,2026-03-04,2026-03-04,2026-03-16,,,10253983,2026-01-26,0,,
,,,CFM-26PIM-170139-5,26PIM-170139-5,CFM-25CFTT176712-5,CM1000SZ-3L,Nebula Black,8,1*53'Truck,Z26AVA5BMUSE0,Kansas,49 STATES,2026/1/26,2026-03-04,2026-03-04,2026-03-16,,,10253984,2026-01-26,0,,
,,,CFM-26PIM-170139-6,26PIM-170139-6,CFM-25CFTT176712-6,CM1000SZ-3L,Granite Ridge,8,1*53'Truck,Z26AVA5BQUSE0,Kansas,49 STATES,2026/1/26,2026-03-04,2026-03-04,2026-03-16,,,10253985,2026-01-26,0,,
,,,CFM-26PIM-170139-7,26PIM-170139-7,CFM-25CFTT176712-7,CM1000SZ-3L,Nebula Black,8,1*53'Truck,Z26AVA5BMUSE0,Kansas,49 STATES,2026/1/26,2026-03-04,2026-03-04,2026-03-16,,,10253986,2026-01-26,0,,
,,,CFM-26PIM-170139-8,26PIM-170139-8,CFM-25CFTT176712-8,CM1000SZ-3L,Granite Ridge,8,1*53'Truck,Z26AVA5BQUSE0,Kansas,49 STATES,2026/1/26,2026-03-04,2026-03-04,2026-03-16,,,10253987,2026-01-26,0,,
,,,CFM-26PIM-170139-9,26PIM-170139-9,CFM-25CFTT176712-9,CM1000SZ-3L,Magma Red,4,1*53'Truck,Z26AVA5RMUSE0,Kansas,49 STATES,2026/1/26,2026-03-04,2026-03-04,2026-03-16,,,10253988,2026-01-26,0,,
,,,CFM-26PIM-170139-9,26PIM-170139-9,,CM1000SZ-3L,Granite Ridge,4,,Z26AVA5BQUSE0,Kansas,49 STATES,2026/1/26,2026-03-04,2026-03-04,2026-03-16,,,10253988,2026-01-26,0,,
"2025
Dec.Order
PO251203",,,CFM-26PIM-170119-8,26PIM-170119-8,CFM-25CFTT176693-8,CM1000UZ-2,TT Kanati,8,1*53'Truck,U26AMA1K1USE0,Kansas,49 STATES,2026/1/27,2026-03-02,2026-03-02,2026-03-14,,,10253810,2026-01-27,0,,
"2025
Dec.Order
PO251201",,,CFM-25MX-CFM174941C-11,25MX-CFM174941C,CFM-25CFTT177746-11,CM1000UZ-8,Bordeaux Red,10,1*53'Truck,U26BWABRTUSE0,Kansas,49 STATES,2026/2/25,2026-03-03,2026-03-03,2026-03-15,,,10267162,2026-02-25,0,,
,,,CFM-25MX-CFM174941C-12,25MX-CFM174941C,CFM-25CFTT177746-12,CM1000UZ-8,Nebula Black,10,1*53'Truck,U26BWABBMUSE0,Kansas,49 STATES,2026/2/25,2026-03-03,2026-03-03,2026-03-15,,,10267163,2026-02-25,0,,
,,,CFM-25MX-CFM174941C-13,25MX-CFM174941C,CFM-25CFTT177746-13,CM1000UZ-8,TT Kanati,10,1*53'Truck,U26BWABK1USE0,Kansas,49 STATES,2026/2/25,2026-03-03,2026-03-03,2026-03-15,,,10267164,2026-02-25,0,,
,,,CFM-25MX-CFM174941C-14,25MX-CFM174941C,CFM-25CFTT177746-14,CM1000UZ-8,TT Kanati,10,1*53'Truck,U26BWABK1USE0,Kansas,49 STATES,2026/2/25,2026-03-03,2026-03-03,2026-03-15,,,10267165,2026-02-25,0,,
,,,CFM-25MX-CFM174941C-15,25MX-CFM174941C,CFM-25CFTT177746-15,CM1000UZ-8,Nebula Black,8,1*53'Truck,U26BWABBMUSE0,Kansas,49 STATES,2026/2/25,2026-03-03,2026-03-03,2026-03-15,,,10267166,2026-02-25,0,,
,,,CFM-25MX-CFM174941C-15,25MX-CFM174941C,,CM1000UZ-8,TT Kanati,2,,U26BWABK1USE0,Kansas,49 STATES,2026/2/25,2026-03-03,2026-03-03,2026-03-15,,,10267166,2026-02-25,0,,
,,,CFM-25MX-CFM174942C,25MX-CFM174942C,CFM-25CFTT177747,CM1000UZ-8,Nebula Black,10,1*53'Truck,U26BWABBMUSE0,Kansas,49 STATES,2026/2/24,2026-03-02,2026-03-02,2026-03-14,,,10267175,2026-02-24,0,,
,,,CFM-25MX-CFM174942C-1,25MX-CFM174942C,CFM-25CFTT177747-1,CM1000UZ-8,Bordeaux Red,10,1*53'Truck,U26BWABRTUSE0,Kansas,49 STATES,2026/2/24,2026-03-02,2026-03-02,2026-03-14,,,10267176,2026-02-24,0,,
,,,CFM-25MX-CFM174942C-2,25MX-CFM174942C,CFM-25CFTT177747-2,CM1000UZ-8,Nebula Black,10,1*53'Truck,U26BWABBMUSE0,Kansas,49 STATES,2026/2/24,2026-03-02,2026-03-02,2026-03-14,,,10267177,2026-02-24,0,,
,,,CFM-25MX-CFM174942C-3,25MX-CFM174942C,CFM-25CFTT177747-3,CM1000UZ-8,Bordeaux Red,10,1*53'Truck,U26BWABRTUSE0,Kansas,49 STATES,2026/2/24,2026-03-02,2026-03-02,2026-03-14,,,10267178,2026-02-24,0,,
,,,CFM-25MX-CFM174942C-4,25MX-CFM174942C,CFM-25CFTT177747-4,CM1000UZ-8,Nebula Black,10,1*53'Truck,U26BWABBMUSE0,Kansas,49 STATES,2026/2/24,2026-03-02,2026-03-02,2026-03-14,,,10267179,2026-02-24,0,,
,,,CFM-25MX-CFM174942C-5,25MX-CFM174942C,CFM-25CFTT177747-5,CM1000UZ-8,Bordeaux Red,10,1*53'Truck,U26BWABRTUSE0,Kansas,49 STATES,2026/2/24,2026-03-02,2026-03-02,2026-03-14,,,10267180,2026-02-24,0,,
,,,CFM-25MX-CFM174942C-6,25MX-CFM174942C,CFM-25CFTT177747-6,CM1000UZ-8,Nebula Black,10,1*53'Truck,U26BWABBMUSE0,Kansas,49 STATES,2026/2/24,2026-03-02,2026-03-02,2026-03-14,,,10267181,2026-02-24,0,,
,,,CFM-25MX-CFM174942C-7,25MX-CFM174942C,CFM-25CFTT177747-7,CM1000UZ-8,Bordeaux Red,10,1*53'Truck,U26BWABRTUSE0,Kansas,49 STATES,2026/2/24,2026-03-02,2026-03-02,2026-03-14,,,10267182,2026-02-24,0,,
,,,CFM-25MX-CFM174942C-8,25MX-CFM174942C,CFM-25CFTT177747-8,CM1000UZ-8,Nebula Black,10,1*53'Truck,U26BWABBMUSE0,Kansas,49 STATES,2026/2/24,2026-03-02,2026-03-02,2026-03-14,,,10267183,2026-02-24,0,,
,,,CFM-25MX-CFM174942C-9,25MX-CFM174942C,CFM-25CFTT177747-9,CM1000UZ-8,Bordeaux Red,10,1*53'Truck,U26BWABRTUSE0,Kansas,49 STATES,2026/2/25,2026-03-02,2026-03-02,2026-03-14,,,10267184,2026-02-25,0,,
,,,CFM-25MX-CFM174946C,25MX-CFM174946C,CFM-25CFTT177751,CM1000UZ-8L,Nebula Black,8,1*53'Truck,U26BZABBMUSE0,Kansas,49 STATES,2026/2/25,2026-03-05,2026-03-05,2026-03-17,,,10267233,2026-02-25,0,,
,,,CFM-25MX-CFM174946C-1,25MX-CFM174946C,CFM-25CFTT177751-1,CM1000UZ-8L,Bordeaux Red,8,1*53'Truck,U26BZABRTUSE0,Kansas,49 STATES,2026/2/25,2026-03-05,2026-03-05,2026-03-17,,,10267234,2026-02-25,0,,
,,,CFM-25MX-CFM174946C-2,25MX-CFM174946C,CFM-25CFTT177751-2,CM1000UZ-8L,TT Kanati,8,1*53'Truck,U26BZABK1USE0,Kansas,49 STATES,2026/2/26,2026-03-05,2026-03-05,2026-03-17,,,10267245,2026-02-26,0,,
,,,CFM-25MX-CFM174946C-3,25MX-CFM174946C,CFM-25CFTT177751-3,CM1000UZ-8L,Nebula Black,8,1*53'Truck,U26BZABBMUSE0,Kansas,49 STATES,2026/2/26,2026-03-05,2026-03-05,2026-03-17,,,10267246,2026-02-26,0,,
,,,CFM-25MX-CFM174946C-4,25MX-CFM174946C,CFM-25CFTT177751-4,CM1000UZ-8L,Bordeaux Red,8,1*53'Truck,U26BZABRTUSE0,Kansas,49 STATES,2026/2/26,2026-03-05,2026-03-05,2026-03-17,,,10267247,2026-02-26,0,,
,,,CFM-25MX-CFM174946C-5,25MX-CFM174946C,CFM-25CFTT177751-5,CM1000UZ-8L,TT Kanati,8,1*53'Truck,U26BZABK1USE0,Kansas,49 STATES,2026/2/26,2026-03-05,2026-03-05,2026-03-17,,,10267248,2026-02-26,0,,
,,,CFM-25MX-CFM174946C-6,25MX-CFM174946C,CFM-25CFTT177751-6,CM1000UZ-8L,Nebula Black,8,1*53'Truck,U26BZABBMUSE0,Kansas,49 STATES,2026/2/26,2026-03-05,2026-03-05,2026-03-17,,,10267249,2026-02-26,0,,
,,,CFM-25MX-CFM174946C-7,25MX-CFM174946C,CFM-25CFTT177751-7,CM1000UZ-8L,Bordeaux Red,8,1*53'Truck,U26BZABRTUSE0,Kansas,49 STATES,2026/2/26,2026-03-05,2026-03-05,2026-03-17,,,10267250,2026-02-26,0,,
,,,CFM-25MX-CFM174946C-8,25MX-CFM174946C,CFM-25CFTT177751-8,CM1000UZ-8L,TT Kanati,8,1*53'Truck,U26BZABK1USE0,Kansas,49 STATES,2026/2/26,2026-03-06,2026-03-06,2026-03-18,,,10267251,2026-02-26,0,,
,,,CFM-25MX-CFM174946C-9,25MX-CFM174946C,CFM-25CFTT177751-9,CM1000UZ-8L,Nebula Black,8,1*53'Truck,U26BZABBMUSE0,Kansas,49 STATES,2026/2/26,2026-03-06,2026-03-06,2026-03-18,,,10267252,2026-02-26,0,,
,,,CFM-25MX-CFM174946C-10,25MX-CFM174946C,CFM-25CFTT177751-10,CM1000UZ-8L,Bordeaux Red,8,1*53'Truck,U26BZABRTUSE0,Kansas,49 STATES,2026/2/25,2026-03-06,2026-03-06,2026-03-18,,,10267235,2026-02-25,0,,
,,,CFM-25MX-CFM174946C-11,25MX-CFM174946C,CFM-25CFTT177751-11,CM1000UZ-8L,TT Kanati,8,1*53'Truck,U26BZABK1USE0,Kansas,49 STATES,2026/2/25,2026-03-06,2026-03-06,2026-03-18,,,10267236,2026-02-25,0,,
,,,CFM-25MX-CFM174946C-12,25MX-CFM174946C,CFM-25CFTT177751-12,CM1000UZ-8L,Nebula Black,8,1*53'Truck,U26BZABBMUSE0,Kansas,49 STATES,2026/2/26,2026-03-06,2026-03-06,2026-03-18,,,10267237,2026-02-26,0,,
,,,CFM-25MX-CFM174946C-13,25MX-CFM174946C,CFM-25CFTT177751-13,CM1000UZ-8L,Bordeaux Red,8,1*53'Truck,U26BZABRTUSE0,Kansas,49 STATES,2026/2/26,2026-03-06,2026-03-06,2026-03-18,,,10267238,2026-02-26,0,,
,,,CFM-25MX-CFM174946C-14,25MX-CFM174946C,CFM-25CFTT177751-14,CM1000UZ-8L,TT Kanati,8,1*53'Truck,U26BZABK1USE0,Kansas,49 STATES,2026/2/26,2026-03-06,2026-03-06,2026-03-18,,,10267239,2026-02-26,0,,
,,,CFM-25MX-CFM174946C-15,25MX-CFM174946C,CFM-25CFTT177751-15,CM1000UZ-8L,Nebula Black,8,1*53'Truck,U26BZABBMUSE0,Kansas,49 STATES,2026/2/26,2026-03-06,2026-03-06,2026-03-18,,,10267240,2026-02-26,0,,
,,,CFM-25MX-CFM174946C-16,25MX-CFM174946C,CFM-25CFTT177751-16,CM1000UZ-8L,Bordeaux Red,8,1*53'Truck,U26BZABRTUSE0,Kansas,49 STATES,2026/2/26,2026-03-06,2026-03-06,2026-03-18,,,10267241,2026-02-26,0,,
,,,CFM-25MX-CFM174946C-17,25MX-CFM174946C,CFM-25CFTT177751-17,CM1000UZ-8L,TT Kanati,8,1*53'Truck,U26BZABK1USE0,Kansas,49 STATES,2026/2/26,2026-03-06,2026-03-06,2026-03-18,,,10267242,2026-02-26,0,,
,,,CFM-25MX-CFM174946C-18,25MX-CFM174946C,CFM-25CFTT177751-18,CM1000UZ-8L,Nebula Black,8,1*53'Truck,U26BZABBMUSE0,Kansas,49 STATES,2026/2/26,2026-03-06,2026-03-06,2026-03-18,,,10267243,2026-02-26,0,,
,,,CFM-25MX-CFM174946C-19,25MX-CFM174946C,CFM-25CFTT177751-19,CM1000UZ-8L,Bordeaux Red,8,1*53'Truck,U26BZABRTUSE0,Kansas,49 STATES,2026/2/26,2026-03-06,2026-03-06,2026-03-18,,,10267244,2026-02-26,0,,
,,,CFM-25MX-CFM174947C,25MX-CFM174947C,CFM-25CFTT177752,CM1000UZ-8L,Nebula Black,8,1*53'Truck,U26BZABBMUSE0,Kansas,49 STATES,2026/3/5,2026-03-12,2026-03-12,2026-03-24,,,10267253,2026-03-06,-1,,
,,,CFM-25MX-CFM174947C-1,25MX-CFM174947C,CFM-25CFTT177752-1,CM1000UZ-8L,Bordeaux Red,8,1*53'Truck,U26BZABRTUSE0,Kansas,49 STATES,2026/3/5,2026-03-12,2026-03-12,2026-03-24,,,10267254,2026-03-06,-1,,
,,,CFM-25MX-CFM174947C-2,25MX-CFM174947C,CFM-25CFTT177752-2,CM1000UZ-8L,TT Kanati,8,1*53'Truck,U26BZABK1USE0,Kansas,49 STATES,2026/3/6,2026-03-12,2026-03-12,2026-03-24,,,10267265,2026-03-06,0,,
,,,CFM-25MX-CFM174947C-3,25MX-CFM174947C,CFM-25CFTT177752-3,CM1000UZ-8L,Nebula Black,8,1*53'Truck,U26BZABBMUSE0,Kansas,49 STATES,2026/3/6,2026-03-12,2026-03-12,2026-03-24,,,10267266,2026-03-06,0,,
,,,CFM-25MX-CFM174947C-4,25MX-CFM174947C,CFM-25CFTT177752-4,CM1000UZ-8L,Bordeaux Red,8,1*53'Truck,U26BZABRTUSE0,Kansas,49 STATES,2026/3/6,2026-03-12,2026-03-12,2026-03-24,,,10267267,2026-03-06,0,,
,,,CFM-25MX-CFM174947C-5,25MX-CFM174947C,CFM-25CFTT177752-5,CM1000UZ-8L,TT Kanati,8,1*53'Truck,U26BZABK1USE0,Kansas,49 STATES,2026/3/6,2026-03-12,2026-03-12,2026-03-24,,,10267268,2026-03-07,-1,,
,,,CFM-25MX-CFM174947C-6,25MX-CFM174947C,CFM-25CFTT177752-6,CM1000UZ-8L,Nebula Black,8,1*53'Truck,U26BZABBMUSE0,Kansas,49 STATES,2026/3/6,2026-03-13,2026-03-13,2026-03-25,,,10267269,2026-03-07,-1,,
,,,CFM-25MX-CFM174947C-7,25MX-CFM174947C,CFM-25CFTT177752-7,CM1000UZ-8L,Bordeaux Red,8,1*53'Truck,U26BZABRTUSE0,Kansas,49 STATES,2026/3/6,2026-03-13,2026-03-13,2026-03-25,,,10267270,2026-03-07,-1,,
,,,CFM-25MX-CFM174947C-8,25MX-CFM174947C,CFM-25CFTT177752-8,CM1000UZ-8L,TT Kanati,8,1*53'Truck,U26BZABK1USE0,Kansas,49 STATES,2026/3/6,2026-03-13,2026-03-13,2026-03-25,,,10267271,2026-03-07,-1,,
,,,CFM-25MX-CFM174947C-9,25MX-CFM174947C,CFM-25CFTT177752-9,CM1000UZ-8L,Nebula Black,8,1*53'Truck,U26BZABBMUSE0,Kansas,49 STATES,2026/3/6,2026-03-13,2026-03-13,2026-03-25,,,10267272,2026-03-07,-1,,
,,,CFM-25MX-CFM174947C-10,25MX-CFM174947C,CFM-25CFTT177752-10,CM1000UZ-8L,Bordeaux Red,8,1*53'Truck,U26BZABRTUSE0,Kansas,49 STATES,2026/3/5,2026-03-12,2026-03-12,2026-03-24,,,10267255,2026-03-06,-1,,
,,,CFM-25MX-CFM174947C-11,25MX-CFM174947C,CFM-25CFTT177752-11,CM1000UZ-8L,TT Kanati,8,1*53'Truck,U26BZABK1USE0,Kansas,49 STATES,2026/3/5,2026-03-12,2026-03-12,2026-03-24,,,10267256,2026-03-06,-1,,
,,,CFM-25MX-CFM174947C-12,25MX-CFM174947C,CFM-25CFTT177752-12,CM1000UZ-8L,Nebula Black,8,1*53'Truck,U26BZABBMUSE0,Kansas,49 STATES,2026/3/5,2026-03-12,2026-03-12,2026-03-24,,,10267257,2026-03-06,-1,,
,,,CFM-25MX-CFM174947C-13,25MX-CFM174947C,CFM-25CFTT177752-13,CM1000UZ-8L,Bordeaux Red,8,1*53'Truck,U26BZABRTUSE0,Kansas,49 STATES,2026/3/5,2026-03-12,2026-03-12,2026-03-24,,,10267258,2026-03-06,-1,,
,,,CFM-25MX-CFM174947C-14,25MX-CFM174947C,CFM-25CFTT177752-14,CM1000UZ-8L,Nebula Black,8,1*53'Truck,U26BZABBMUSE0,Kansas,49 STATES,2026/3/5,2026-03-12,2026-03-12,2026-03-24,,,10267259,2026-03-06,-1,,
,,,CFM-25MX-CFM174947C-15,25MX-CFM174947C,CFM-25CFTT177752-15,CM1000UZ-8L,Bordeaux Red,8,1*53'Truck,U26BZABRTUSE0,Kansas,49 STATES,2026/3/5,2026-03-11,2026-03-11,2026-03-23,,,10267260,2026-03-06,-1,,
,,,CFM-25MX-CFM174947C-16,25MX-CFM174947C,CFM-25CFTT177752-16,CM1000UZ-8L,Nebula Black,8,1*53'Truck,U26BZABBMUSE0,Kansas,49 STATES,2026/3/5,2026-03-11,2026-03-11,2026-03-23,,,10267261,2026-03-06,-1,,
,,,CFM-25MX-CFM174947C-17,25MX-CFM174947C,CFM-25CFTT177752-17,CM1000UZ-8L,Bordeaux Red,8,1*53'Truck,U26BZABRTUSE0,Kansas,49 STATES,2026/3/5,2026-03-11,2026-03-11,2026-03-23,,,10267262,2026-03-06,-1,,
,,,CFM-25MX-CFM174947C-18,25MX-CFM174947C,CFM-25CFTT177752-18,CM1000UZ-8L,Nebula Black,8,1*53'Truck,U26BZABBMUSE0,Kansas,49 STATES,2026/3/5,2026-03-11,2026-03-11,2026-03-23,,,10267263,2026-03-06,-1,,
,,,CFM-25MX-CFM174947C-19,25MX-CFM174947C,CFM-25CFTT177752-19,CM1000UZ-8L,Nebula Black,3,1*53'Truck,U26BZABBMUSE0,Kansas,49 STATES,2026/3/6,2026-03-11,2026-03-11,2026-03-23,,,10267264,2026-03-06,0,,
,,,CFM-25MX-CFM174947C-19,25MX-CFM174947C,,CM1000UZ-8L,TT Kanati,5,,U26BZABK1USE0,Kansas,49 STATES,2026/3/6,2026-03-11,2026-03-11,2026-03-23,,,10267264,2026-03-06,0,,
,,,CFM-25MX-CFM174948C,25MX-CFM174948C,CFM-25CFTT177753,CM1000UZ-8L,Nebula Black,8,1*53'Truck,U26BZABBMUSE0,Kansas,49 STATES,2026/3/6,2026-03-13,2026-03-13,2026-03-25,,,10267273,2026-03-07,-1,,
,,,CFM-25MX-CFM174948C-1,25MX-CFM174948C,CFM-25CFTT177753-1,CM1000UZ-8L,Bordeaux Red,8,1*53'Truck,U26BZABRTUSE0,Kansas,49 STATES,2026/3/6,2026-03-13,2026-03-13,2026-03-25,,,10267274,2026-03-07,-1,,
,,,CFM-25MX-CFM174948C-2,25MX-CFM174948C,CFM-25CFTT177753-2,CM1000UZ-8L,Nebula Black,8,1*53'Truck,U26BZABBMUSE0,Kansas,49 STATES,2026/3/6,2026-03-13,2026-03-13,2026-03-25,,,10267282,2026-03-09,-3,,
,,,CFM-25MX-CFM174948C-3,25MX-CFM174948C,CFM-25CFTT177753-3,CM1000UZ-8L,Bordeaux Red,8,1*53'Truck,U26BZABRTUSE0,Kansas,49 STATES,2026/3/6,2026-03-13,2026-03-13,2026-03-25,,,10267283,2026-03-09,-3,,
,,,CFM-25MX-CFM174948C-4,25MX-CFM174948C,CFM-25CFTT177753-4,CM1000UZ-8L,Nebula Black,8,1*53'Truck,U26BZABBMUSE0,Kansas,49 STATES,2026/3/6,2026-03-13,2026-03-13,2026-03-25,,,10267284,2026-03-09,-3,,
"2025
Dec.Order
PO251203",,,CFM-25MX-CFM174953C-19,25MX-CFM174953C,CFM-25CFTT177758-19,CM1000UZ-8K,TT Kanati,5,1*53'Truck,U26BWABK1USEH,Kansas,49 STATES,2026/2/20,2026-03-02,2026-03-02,2026-03-14,,,10267378,2026-02-20,0,,
,,,CFM-25MX-CFM174963C-1,25MX-CFM174963C,CFM-25CFTT177768-1,CM1000UZ-8LK,Bordeaux Red,4,1*53'Truck,U26BZABRTUSEH,Kansas,49 STATES,2026/2/26,2026-03-03,2026-03-03,2026-03-15,,,10267601,2026-02-26,0,,
,,,CFM-25MX-CFM174963C-5,25MX-CFM174963C,CFM-25CFTT177768-5,CM1000UZ-8LK,TT Kanati,4,1*53'Truck,U26BZABK1USEH,Kansas,49 STATES,2026/2/27,2026-03-03,2026-03-03,2026-03-15,,,10267622,2026-02-27,0,,
,,,CFM-25MX-CFM174963C-7,25MX-CFM174963C,CFM-25CFTT177768-7,CM1000UZ-8LK,Bordeaux Red,4,1*53'Truck,U26BZABRTUSEH,Kansas,49 STATES,2026/2/27,2026-03-03,2026-03-03,2026-03-15,,,10267624,2026-02-27,0,,
,,,CFM-25MX-CFM174963C-8,25MX-CFM174963C,CFM-25CFTT177768-8,CM1000UZ-8LK,TT Kanati,4,1*53'Truck,U26BZABK1USEH,Kansas,49 STATES,2026/2/27,2026-03-03,2026-03-03,2026-03-15,,,10267625,2026-02-27,0,,
,,,CFM-25MX-CFM174963C-14,25MX-CFM174963C,CFM-25CFTT177768-14,CM1000UZ-8LK,TT Kanati,4,1*53'Truck,U26BZABK1USEH,Kansas,49 STATES,2026/2/26,2026-03-03,2026-03-03,2026-03-15,,,10267606,2026-02-26,0,,
,,,CFM-25MX-CFM174963C-15,25MX-CFM174963C,CFM-25CFTT177768-15,CM1000UZ-8LK,Nebula Black,4,1*53'Truck,U26BZABBMUSEH,Kansas,49 STATES,2026/2/26,2026-03-03,2026-03-03,2026-03-15,,,10267607,2026-02-26,0,,
,,,CFM-25MX-CFM174963C-16,25MX-CFM174963C,CFM-25CFTT177768-16,CM1000UZ-8LK,Bordeaux Red,4,1*53'Truck,U26BZABRTUSEH,Kansas,49 STATES,2026/2/26,2026-03-03,2026-03-03,2026-03-15,,,10267608,2026-02-26,0,,
,,,CFM-25MX-CFM174963C-17,25MX-CFM174963C,CFM-25CFTT177768-17,CM1000UZ-8LK,Nebula Black,4,1*53'Truck,U26BZABBMUSEH,Kansas,49 STATES,2026/2/26,2026-03-03,2026-03-03,2026-03-15,,,10267609,2026-02-26,0,,
,,,CFM-25MX-CFM174963C-18,25MX-CFM174963C,CFM-25CFTT177768-18,CM1000UZ-8LK,Bordeaux Red,4,1*53'Truck,U26BZABRTUSEH,Kansas,49 STATES,2026/2/26,2026-03-03,2026-03-03,2026-03-15,,,10267610,2026-02-26,0,,
,,,CFM-25MX-CFM174963C-19,25MX-CFM174963C,CFM-25CFTT177768-19,CM1000UZ-8LK,Nebula Black,4,1*53'Truck,U26BZABBMUSEH,Kansas,49 STATES,2026/2/26,2026-03-03,2026-03-03,2026-03-15,,,10267611,2026-02-26,0,,
,,,CFM-25MX-CFM174963C-20,25MX-CFM174963C,CFM-25CFTT177768-20,CM1000UZ-8LK,Bordeaux Red,4,1*53'Truck,U26BZABRTUSEH,Kansas,49 STATES,2026/2/26,2026-03-03,2026-03-03,2026-03-15,,,10267613,2026-02-26,0,,
,,,CFM-25MX-CFM174963C-21,25MX-CFM174963C,CFM-25CFTT177768-21,CM1000UZ-8LK,Nebula Black,4,1*53'Truck,U26BZABBMUSEH,Kansas,49 STATES,2026/2/26,2026-03-03,2026-03-03,2026-03-15,,,10267614,2026-02-26,0,,
,,,CFM-25MX-CFM174963C-22,25MX-CFM174963C,CFM-25CFTT177768-22,CM1000UZ-8LK,Bordeaux Red,4,1*53'Truck,U26BZABRTUSEH,Kansas,49 STATES,2026/2/26,2026-03-03,2026-03-03,2026-03-15,,,10267615,2026-02-26,0,,
,,,CFM-25MX-CFM174963C-23,25MX-CFM174963C,CFM-25CFTT177768-23,CM1000UZ-8LK,Nebula Black,4,1*53'Truck,U26BZABBMUSEH,Kansas,49 STATES,2026/2/27,2026-03-03,2026-03-03,2026-03-15,,,10267616,2026-02-27,0,,
,,,CFM-25MX-CFM174963C-24,25MX-CFM174963C,CFM-25CFTT177768-24,CM1000UZ-8LK,Bordeaux Red,4,1*53'Truck,U26BZABRTUSEH,Kansas,49 STATES,2026/2/27,2026-03-03,2026-03-03,2026-03-15,,,10267617,2026-02-27,0,,
,,,CFM-25MX-CFM174963C-25,25MX-CFM174963C,CFM-25CFTT177768-25,CM1000UZ-8LK,Nebula Black,4,1*53'Truck,U26BZABBMUSEH,Kansas,49 STATES,2026/2/27,2026-03-03,2026-03-03,2026-03-15,,,10267618,2026-02-27,0,,
,,,CFM-25MX-CFM174963C-26,25MX-CFM174963C,CFM-25CFTT177768-26,CM1000UZ-8LK,Bordeaux Red,4,1*53'Truck,U26BZABRTUSEH,Kansas,49 STATES,2026/2/27,2026-03-03,2026-03-03,2026-03-15,,,10267619,2026-02-27,0,,
,,,CFM-25MX-CFM174964C,25MX-CFM174964C,CFM-25CFTT177769,CM1000UZ-8LK,Nebula Black,4,1*53'Truck,U26BZABBMUSEH,Kansas,49 STATES,2026/2/27,2026-03-03,2026-03-03,2026-03-15,,,10267627,2026-02-27,0,,
,,,CFM-25MX-CFM174964C-1,25MX-CFM174964C,CFM-25CFTT177769-1,CM1000UZ-8LK,Bordeaux Red,4,1*53'Truck,U26BZABRTUSEH,Kansas,49 STATES,2026/2/27,2026-03-03,2026-03-03,2026-03-15,,,10267628,2026-02-27,0,,
,,,CFM-25MX-CFM174964C-2,25MX-CFM174964C,CFM-25CFTT177769-2,CM1000UZ-8LK,Nebula Black,4,1*53'Truck,U26BZABBMUSEH,Kansas,49 STATES,2026/2/27,2026-03-04,2026-03-04,2026-03-16,,,10267639,2026-02-27,0,,
,,,CFM-25MX-CFM174964C-3,25MX-CFM174964C,CFM-25CFTT177769-3,CM1000UZ-8LK,Bordeaux Red,4,1*53'Truck,U26BZABRTUSEH,Kansas,49 STATES,2026/2/27,2026-03-04,2026-03-04,2026-03-16,,,10267647,2026-02-27,0,,
,,,CFM-25MX-CFM174964C-4,25MX-CFM174964C,CFM-25CFTT177769-4,CM1000UZ-8LK,Nebula Black,4,1*53'Truck,U26BZABBMUSEH,Kansas,49 STATES,2026/2/27,2026-03-04,2026-03-04,2026-03-16,,,10267648,2026-02-27,0,,
,,,CFM-25MX-CFM174964C-5,25MX-CFM174964C,CFM-25CFTT177769-5,CM1000UZ-8LK,Bordeaux Red,4,1*53'Truck,U26BZABRTUSEH,Kansas,49 STATES,2026/2/27,2026-03-04,2026-03-04,2026-03-16,,,10267649,2026-02-27,0,,
,,,CFM-25MX-CFM174964C-6,25MX-CFM174964C,CFM-25CFTT177769-6,CM1000UZ-8LK,Nebula Black,4,1*53'Truck,U26BZABBMUSEH,Kansas,49 STATES,2026/2/27,2026-03-04,2026-03-04,2026-03-16,,,10267650,2026-02-27,0,,
,,,CFM-25MX-CFM174964C-7,25MX-CFM174964C,CFM-25CFTT177769-7,CM1000UZ-8LK,Bordeaux Red,4,1*53'Truck,U26BZABRTUSEH,Kansas,49 STATES,2026/2/27,2026-03-04,2026-03-04,2026-03-16,,,10267651,2026-02-27,0,,
,,,CFM-25MX-CFM174964C-8,25MX-CFM174964C,CFM-25CFTT177769-8,CM1000UZ-8LK,Nebula Black,4,1*53'Truck,U26BZABBMUSEH,Kansas,49 STATES,2026/2/27,2026-03-04,2026-03-04,2026-03-16,,,10267652,2026-02-27,0,,
,,,CFM-25MX-CFM174964C-9,25MX-CFM174964C,CFM-25CFTT177769-9,CM1000UZ-8LK,Bordeaux Red,4,1*53'Truck,U26BZABRTUSEH,Kansas,49 STATES,2026/2/27,2026-03-04,2026-03-04,2026-03-16,,,10267653,2026-02-27,0,,
,,,CFM-25MX-CFM174964C-10,25MX-CFM174964C,CFM-25CFTT177769-10,CM1000UZ-8LK,Nebula Black,4,1*53'Truck,U26BZABBMUSEH,Kansas,49 STATES,2026/2/27,2026-03-04,2026-03-04,2026-03-16,,,10267629,2026-02-27,0,,
,,,CFM-25MX-CFM174964C-11,25MX-CFM174964C,CFM-25CFTT177769-11,CM1000UZ-8LK,Bordeaux Red,4,1*53'Truck,U26BZABRTUSEH,Kansas,49 STATES,2026/2/27,2026-03-04,2026-03-04,2026-03-16,,,10267630,2026-02-27,0,,
,,,CFM-25MX-CFM174964C-12,25MX-CFM174964C,CFM-25CFTT177769-12,CM1000UZ-8LK,Nebula Black,4,1*53'Truck,U26BZABBMUSEH,Kansas,49 STATES,2026/2/27,2026-03-04,2026-03-04,2026-03-16,,,10267631,2026-02-27,0,,
,,,CFM-25MX-CFM174964C-13,25MX-CFM174964C,CFM-25CFTT177769-13,CM1000UZ-8LK,Bordeaux Red,4,1*53'Truck,U26BZABRTUSEH,Kansas,49 STATES,2026/2/27,2026-03-04,2026-03-04,2026-03-16,,,10267632,2026-02-27,0,,
,,,CFM-25MX-CFM174964C-14,25MX-CFM174964C,CFM-25CFTT177769-14,CM1000UZ-8LK,Nebula Black,4,1*53'Truck,U26BZABBMUSEH,Kansas,49 STATES,2026/2/27,2026-03-04,2026-03-04,2026-03-16,,,10267633,2026-02-27,0,,
,,,CFM-25MX-CFM174964C-15,25MX-CFM174964C,CFM-25CFTT177769-15,CM1000UZ-8LK,Bordeaux Red,4,1*53'Truck,U26BZABRTUSEH,Kansas,49 STATES,2026/2/27,2026-03-04,2026-03-04,2026-03-16,,,10267634,2026-02-27,0,,
,,,CFM-25MX-CFM174964C-16,25MX-CFM174964C,CFM-25CFTT177769-16,CM1000UZ-8LK,Nebula Black,4,1*53'Truck,U26BZABBMUSEH,Kansas,49 STATES,2026/2/27,2026-03-04,2026-03-04,2026-03-16,,,10267635,2026-02-27,0,,
,,,CFM-25MX-CFM174964C-17,25MX-CFM174964C,CFM-25CFTT177769-17,CM1000UZ-8LK,Bordeaux Red,4,1*53'Truck,U26BZABRTUSEH,Kansas,49 STATES,2026/2/27,2026-03-04,2026-03-04,2026-03-16,,,10267636,2026-02-27,0,,
,,,CFM-25MX-CFM174964C-18,25MX-CFM174964C,CFM-25CFTT177769-18,CM1000UZ-8LK,Nebula Black,4,1*53'Truck,U26BZABBMUSEH,Kansas,49 STATES,2026/2/27,2026-03-04,2026-03-04,2026-03-16,,,10267637,2026-02-27,0,,
,,,CFM-25MX-CFM174964C-19,25MX-CFM174964C,CFM-25CFTT177769-19,CM1000UZ-8LK,Bordeaux Red,4,1*53'Truck,U26BZABRTUSEH,Kansas,49 STATES,2026/2/27,2026-03-04,2026-03-04,2026-03-16,,,10267638,2026-02-27,0,,
,,,CFM-25MX-CFM174964C-20,25MX-CFM174964C,CFM-25CFTT177769-20,CM1000UZ-8LK,Nebula Black,4,1*53'Truck,U26BZABBMUSEH,Kansas,49 STATES,2026/2/27,2026-03-04,2026-03-04,2026-03-16,,,10267640,2026-02-27,0,,
,,,CFM-25MX-CFM174964C-21,25MX-CFM174964C,CFM-25CFTT177769-21,CM1000UZ-8LK,Bordeaux Red,4,1*53'Truck,U26BZABRTUSEH,Kansas,49 STATES,2026/2/27,2026-03-04,2026-03-04,2026-03-16,,,10267641,2026-02-27,0,,
,,,CFM-25MX-CFM174964C-22,25MX-CFM174964C,CFM-25CFTT177769-22,CM1000UZ-8LK,Nebula Black,4,1*53'Truck,U26BZABBMUSEH,Kansas,49 STATES,2026/2/27,2026-03-04,2026-03-04,2026-03-16,,,10267642,2026-02-27,0,,
,,,CFM-25MX-CFM174964C-23,25MX-CFM174964C,CFM-25CFTT177769-23,CM1000UZ-8LK,Bordeaux Red,4,1*53'Truck,U26BZABRTUSEH,Kansas,49 STATES,2026/2/27,2026-03-04,2026-03-04,2026-03-16,,,10267643,2026-02-27,0,,
,,,CFM-25MX-CFM174964C-24,25MX-CFM174964C,CFM-25CFTT177769-24,CM1000UZ-8LK,Nebula Black,4,1*53'Truck,U26BZABBMUSEH,Kansas,49 STATES,2026/2/27,2026-03-04,2026-03-04,2026-03-16,,,10267644,2026-02-27,0,,
,,,CFM-25MX-CFM174964C-25,25MX-CFM174964C,CFM-25CFTT177769-25,CM1000UZ-8LK,Bordeaux Red,4,1*53'Truck,U26BZABRTUSEH,Kansas,49 STATES,2026/2/27,2026-03-04,2026-03-04,2026-03-16,,,10267645,2026-02-27,0,,
,,,CFM-25MX-CFM174964C-26,25MX-CFM174964C,CFM-25CFTT177769-26,CM1000UZ-8LK,Nebula Black,2,1*53'Truck,U26BZABBMUSEH,Kansas,49 STATES,2026/2/27,2026-03-04,2026-03-04,2026-03-16,,,10267646,2026-02-27,0,,
,,,CFM-25MX-CFM174964C-26,25MX-CFM174964C,,CM1000UZ-8LK,Bordeaux Red,2,,U26BZABRTUSEH,Kansas,49 STATES,2026/2/27,2026-03-04,2026-03-04,2026-03-16,,,10267646,2026-02-27,0,,
"2025
Dec.Order
PO251203",,,CFM-25MX-CFM174965C,25MX-CFM174965C,CFM-25CFTT177770,CM1000UZ-8LK,TT Kanati,4,1*53'Truck,U26BZABK1USEH,Kansas,49 STATES,2026/2/27,2026-03-12,2026-03-12,2026-03-24,,,10267654,2026-02-27,0,,
,,,CFM-25MX-CFM174965C-1,25MX-CFM174965C,CFM-25CFTT177770-1,CM1000UZ-8LK,TT Kanati,4,1*53'Truck,U26BZABK1USEH,Kansas,49 STATES,2026/2/27,2026-03-12,2026-03-12,2026-03-24,,,10267655,2026-02-27,0,,
,,,CFM-25MX-CFM174965C-2,25MX-CFM174965C,CFM-25CFTT177770-2,CM1000UZ-8LK,TT Kanati,4,1*53'Truck,U26BZABK1USEH,Kansas,49 STATES,2026/2/28,2026-03-12,2026-03-12,2026-03-24,,,10267666,2026-02-28,0,,
,,,CFM-25MX-CFM174965C-3,25MX-CFM174965C,CFM-25CFTT177770-3,CM1000UZ-8LK,TT Kanati,4,1*53'Truck,U26BZABK1USEH,Kansas,49 STATES,2026/2/28,2026-03-12,2026-03-12,2026-03-24,,,10267674,2026-02-28,0,,
,,,CFM-25MX-CFM174965C-4,25MX-CFM174965C,CFM-25CFTT177770-4,CM1000UZ-8LK,TT Kanati,4,1*53'Truck,U26BZABK1USEH,Kansas,49 STATES,2026/2/28,2026-03-12,2026-03-12,2026-03-24,,,10267675,2026-02-28,0,,
,,,CFM-25MX-CFM174965C-5,25MX-CFM174965C,CFM-25CFTT177770-5,CM1000UZ-8LK,TT Kanati,4,1*53'Truck,U26BZABK1USEH,Kansas,49 STATES,2026/2/28,2026-03-12,2026-03-12,2026-03-24,,,10267676,2026-02-28,0,,
,,,CFM-25MX-CFM174965C-6,25MX-CFM174965C,CFM-25CFTT177770-6,CM1000UZ-8LK,TT Kanati,4,1*53'Truck,U26BZABK1USEH,Kansas,49 STATES,2026/2/28,2026-03-12,2026-03-12,2026-03-24,,,10267677,2026-02-28,0,,
,,,CFM-25MX-CFM174965C-7,25MX-CFM174965C,CFM-25CFTT177770-7,CM1000UZ-8LK,TT Kanati,4,1*53'Truck,U26BZABK1USEH,Kansas,49 STATES,2026/2/28,2026-03-12,2026-03-12,2026-03-24,,,10267678,2026-02-28,0,,
,,,CFM-25MX-CFM174965C-8,25MX-CFM174965C,CFM-25CFTT177770-8,CM1000UZ-8LK,TT Kanati,4,1*53'Truck,U26BZABK1USEH,Kansas,49 STATES,2026/2/28,2026-03-12,2026-03-12,2026-03-24,,,10267679,2026-02-28,0,,
,,,CFM-25MX-CFM174965C-9,25MX-CFM174965C,CFM-25CFTT177770-9,CM1000UZ-8LK,TT Kanati,4,1*53'Truck,U26BZABK1USEH,Kansas,49 STATES,2026/2/28,2026-03-12,2026-03-12,2026-03-24,,,10267680,2026-02-28,0,,
"2026
Jan Order
PO260101",,,CFM-25MX-CFM174965C-10,25MX-CFM174965C,CFM-25CFTT177770-10,CM1000UZ-8LK,Nebula Black,4,1*53'Truck,U26BZABBMUSEH,Kansas,49 STATES,2026/2/27,2026-03-12,2026-03-12,2026-03-24,,,10267656,2026-02-27,0,,
,,,CFM-25MX-CFM174965C-11,25MX-CFM174965C,CFM-25CFTT177770-11,CM1000UZ-8LK,Bordeaux Red,4,1*53'Truck,U26BZABRTUSEH,Kansas,49 STATES,2026/2/27,2026-03-12,2026-03-12,2026-03-24,,,10267657,2026-02-27,0,,
,,,CFM-25MX-CFM174965C-12,25MX-CFM174965C,CFM-25CFTT177770-12,CM1000UZ-8LK,Nebula Black,4,1*53'Truck,U26BZABBMUSEH,Kansas,49 STATES,2026/2/27,2026-03-12,2026-03-12,2026-03-24,,,10267658,2026-02-27,0,,
,,,CFM-25MX-CFM174965C-13,25MX-CFM174965C,CFM-25CFTT177770-13,CM1000UZ-8LK,Bordeaux Red,4,1*53'Truck,U26BZABRTUSEH,Kansas,49 STATES,2026/2/27,2026-03-12,2026-03-12,2026-03-24,,,10267659,2026-02-27,0,,
,,,CFM-25MX-CFM174965C-14,25MX-CFM174965C,CFM-25CFTT177770-14,CM1000UZ-8LK,Nebula Black,4,1*53'Truck,U26BZABBMUSEH,Kansas,49 STATES,2026/2/27,2026-03-12,2026-03-12,2026-03-24,,,10267660,2026-02-27,0,,
,,,CFM-25MX-CFM174965C-15,25MX-CFM174965C,CFM-25CFTT177770-15,CM1000UZ-8LK,Bordeaux Red,4,1*53'Truck,U26BZABRTUSEH,Kansas,49 STATES,2026/2/28,2026-03-12,2026-03-12,2026-03-24,,,10267661,2026-02-28,0,,
,,,CFM-25MX-CFM174965C-16,25MX-CFM174965C,CFM-25CFTT177770-16,CM1000UZ-8LK,Nebula Black,4,1*53'Truck,U26BZABBMUSEH,Kansas,49 STATES,2026/2/28,2026-03-12,2026-03-12,2026-03-24,,,10267662,2026-02-28,0,,
,,,CFM-25MX-CFM174965C-17,25MX-CFM174965C,CFM-25CFTT177770-17,CM1000UZ-8LK,Bordeaux Red,4,1*53'Truck,U26BZABRTUSEH,Kansas,49 STATES,2026/2/28,2026-03-12,2026-03-12,2026-03-24,,,10267663,2026-02-28,0,,
,,,CFM-25MX-CFM174965C-18,25MX-CFM174965C,CFM-25CFTT177770-18,CM1000UZ-8LK,Nebula Black,4,1*53'Truck,U26BZABBMUSEH,Kansas,49 STATES,2026/2/28,2026-03-12,2026-03-12,2026-03-24,,,10267664,2026-02-28,0,,
,,,CFM-25MX-CFM174965C-19,25MX-CFM174965C,CFM-25CFTT177770-19,CM1000UZ-8LK,Bordeaux Red,4,1*53'Truck,U26BZABRTUSEH,Kansas,49 STATES,2026/2/28,2026-03-12,2026-03-12,2026-03-24,,,10267665,2026-02-28,0,,
,,,CFM-25MX-CFM174965C-20,25MX-CFM174965C,CFM-25CFTT177770-20,CM1000UZ-8LK,Nebula Black,4,1*53'Truck,U26BZABBMUSEH,Kansas,49 STATES,2026/2/28,2026-03-12,2026-03-12,2026-03-24,,,10267667,2026-02-28,0,,
,,,CFM-25MX-CFM174965C-21,25MX-CFM174965C,CFM-25CFTT177770-21,CM1000UZ-8LK,Bordeaux Red,4,1*53'Truck,U26BZABRTUSEH,Kansas,49 STATES,2026/2/28,2026-03-12,2026-03-12,2026-03-24,,,10267668,2026-02-28,0,,
,,,CFM-25MX-CFM174965C-22,25MX-CFM174965C,CFM-25CFTT177770-22,CM1000UZ-8LK,Nebula Black,4,1*53'Truck,U26BZABBMUSEH,Kansas,49 STATES,2026/2/28,2026-03-12,2026-03-12,2026-03-24,,,10267669,2026-02-28,0,,
,,,CFM-25MX-CFM174965C-23,25MX-CFM174965C,CFM-25CFTT177770-23,CM1000UZ-8LK,Bordeaux Red,4,1*53'Truck,U26BZABRTUSEH,Kansas,49 STATES,2026/2/28,2026-03-12,2026-03-12,2026-03-24,,,10267670,2026-02-28,0,,
,,,CFM-25MX-CFM174965C-24,25MX-CFM174965C,CFM-25CFTT177770-24,CM1000UZ-8LK,Nebula Black,4,1*53'Truck,U26BZABBMUSEH,Kansas,49 STATES,2026/2/28,2026-03-13,2026-03-13,2026-03-25,,,10267671,2026-02-28,0,,
,,,CFM-25MX-CFM174965C-25,25MX-CFM174965C,CFM-25CFTT177770-25,CM1000UZ-8LK,Bordeaux Red,4,1*53'Truck,U26BZABRTUSEH,Kansas,49 STATES,2026/2/28,2026-03-13,2026-03-13,2026-03-25,,,10267672,2026-02-28,0,,
,,,CFM-25MX-CFM174965C-26,25MX-CFM174965C,CFM-25CFTT177770-26,CM1000UZ-8LK,Nebula Black,4,1*53'Truck,U26BZABBMUSEH,Kansas,49 STATES,2026/2/28,2026-03-13,2026-03-13,2026-03-25,,,10267673,2026-02-28,0,,
,,,CFM-25MX-CFM174959C,25MX-CFM174959C,CFM-25CFTT177764,CM1000UZ-8K,Bordeaux Red,5,1*53'Truck,U26BWABRTUSEH,Kansas,49 STATES,2026/2/24,2026-03-05,2026-03-05,2026-03-17,,,10267511,2026-02-24,0,,
,,,CFM-25MX-CFM174959C-1,25MX-CFM174959C,CFM-25CFTT177764-1,CM1000UZ-8K,Nebula Black,5,1*53'Truck,U26BWABBMUSEH,Kansas,49 STATES,2026/2/24,2026-03-05,2026-03-05,2026-03-17,,,10267512,2026-02-24,0,,
,,,CFM-25MX-CFM174959C-2,25MX-CFM174959C,CFM-25CFTT177764-2,CM1000UZ-8K,Bordeaux Red,5,1*53'Truck,U26BWABRTUSEH,Kansas,49 STATES,2026/2/24,2026-03-05,2026-03-05,2026-03-17,,,10267520,2026-02-24,0,,
,,,CFM-25MX-CFM174959C-3,25MX-CFM174959C,CFM-25CFTT177764-3,CM1000UZ-8K,Nebula Black,5,1*53'Truck,U26BWABBMUSEH,Kansas,49 STATES,2026/2/24,2026-03-05,2026-03-05,2026-03-17,,,10267521,2026-02-24,0,,
,,,CFM-25MX-CFM174959C-4,25MX-CFM174959C,CFM-25CFTT177764-4,CM1000UZ-8K,Bordeaux Red,5,1*53'Truck,U26BWABRTUSEH,Kansas,49 STATES,2026/2/24,2026-03-05,2026-03-05,2026-03-17,,,10267522,2026-02-24,0,,
,,,CFM-25MX-CFM174959C-5,25MX-CFM174959C,CFM-25CFTT177764-5,CM1000UZ-8K,Nebula Black,5,1*53'Truck,U26BWABBMUSEH,Kansas,49 STATES,2026/2/24,2026-03-05,2026-03-05,2026-03-17,,,10267523,2026-02-24,0,,
,,,CFM-25MX-CFM174959C-6,25MX-CFM174959C,CFM-25CFTT177764-6,CM1000UZ-8K,Bordeaux Red,5,1*53'Truck,U26BWABRTUSEH,Kansas,49 STATES,2026/2/24,2026-03-05,2026-03-05,2026-03-17,,,10267524,2026-02-24,0,,
,,,CFM-25MX-CFM174959C-7,25MX-CFM174959C,CFM-25CFTT177764-7,CM1000UZ-8K,Nebula Black,5,1*53'Truck,U26BWABBMUSEH,Kansas,49 STATES,2026/2/24,2026-03-05,2026-03-05,2026-03-17,,,10267525,2026-02-24,0,,
,,,CFM-25MX-CFM174959C-8,25MX-CFM174959C,CFM-25CFTT177764-8,CM1000UZ-8K,Bordeaux Red,5,1*53'Truck,U26BWABRTUSEH,Kansas,49 STATES,2026/2/24,2026-03-05,2026-03-05,2026-03-17,,,10267526,2026-02-24,0,,
,,,CFM-25MX-CFM174959C-9,25MX-CFM174959C,CFM-25CFTT177764-9,CM1000UZ-8K,Nebula Black,5,1*53'Truck,U26BWABBMUSEH,Kansas,49 STATES,2026/2/24,2026-03-05,2026-03-05,2026-03-17,,,10267527,2026-02-24,0,,
,,,CFM-25MX-CFM174959C-10,25MX-CFM174959C,CFM-25CFTT177764-10,CM1000UZ-8K,Bordeaux Red,5,1*53'Truck,U26BWABRTUSEH,Kansas,49 STATES,2026/2/24,2026-03-05,2026-03-05,2026-03-17,,,10267513,2026-02-24,0,,
,,,CFM-25MX-CFM174959C-11,25MX-CFM174959C,CFM-25CFTT177764-11,CM1000UZ-8K,Nebula Black,5,1*53'Truck,U26BWABBMUSEH,Kansas,49 STATES,2026/2/24,2026-03-05,2026-03-05,2026-03-17,,,10267514,2026-02-24,0,,
,,,CFM-25MX-CFM174959C-12,25MX-CFM174959C,CFM-25CFTT177764-12,CM1000UZ-8K,Bordeaux Red,5,1*53'Truck,U26BWABRTUSEH,Kansas,49 STATES,2026/2/24,2026-03-05,2026-03-05,2026-03-17,,,10267515,2026-02-24,0,,
,,,CFM-25MX-CFM174959C-13,25MX-CFM174959C,CFM-25CFTT177764-13,CM1000UZ-8K,Nebula Black,5,1*53'Truck,U26BWABBMUSEH,Kansas,49 STATES,2026/2/24,2026-03-05,2026-03-05,2026-03-17,,,10267517,2026-02-24,0,,
,,,CFM-25MX-CFM174959C-14,25MX-CFM174959C,CFM-25CFTT177764-14,CM1000UZ-8K,Bordeaux Red,5,1*53'Truck,U26BWABRTUSEH,Kansas,49 STATES,2026/2/24,2026-03-05,2026-03-05,2026-03-17,,,10267518,2026-02-24,0,,
,,,CFM-25MX-CFM174959C-15,25MX-CFM174959C,CFM-25CFTT177764-15,CM1000UZ-8K,Nebula Black,5,1*53'Truck,U26BWABBMUSEH,Kansas,49 STATES,2026/2/24,2026-03-05,2026-03-05,2026-03-17,,,10267519,2026-02-24,0,,
,"2026
Jan Order",,CFM-25MX-CFM174966C,25MX-CFM174966C,CFM-25CFTT177771,CM1000UZ-8LK,Nebula Black,4,1*53'Truck,U26BZABBMUSEH,Kansas,49 STATES,2026/2/28,2026-03-05,2026-03-05,2026-03-17,,,10267681,2026-03-03,-3,,
,,,CFM-25MX-CFM174966C-1,25MX-CFM174966C,CFM-25CFTT177771-1,CM1000UZ-8LK,Bordeaux Red,4,1*53'Truck,U26BZABRTUSEH,Kansas,49 STATES,2026/2/28,2026-03-05,2026-03-05,2026-03-17,,,10267682,2026-03-03,-3,,
,,,CFM-25MX-CFM174966C-2,25MX-CFM174966C,CFM-25CFTT177771-2,CM1000UZ-8LK,Nebula Black,4,1*53'Truck,U26BZABBMUSEH,Kansas,49 STATES,2026/2/28,2026-03-05,2026-03-05,2026-03-17,,,10267693,2026-03-03,-3,,
,,,CFM-25MX-CFM174966C-3,25MX-CFM174966C,CFM-25CFTT177771-3,CM1000UZ-8LK,Bordeaux Red,4,1*53'Truck,U26BZABRTUSEH,Kansas,49 STATES,2026/2/28,2026-03-05,2026-03-05,2026-03-17,,,10267701,2026-03-04,-4,,
,,,CFM-25MX-CFM174966C-4,25MX-CFM174966C,CFM-25CFTT177771-4,CM1000UZ-8LK,Nebula Black,4,1*53'Truck,U26BZABBMUSEH,Kansas,49 STATES,2026/2/28,2026-03-05,2026-03-05,2026-03-17,,,10267702,2026-03-04,-4,,
,,,CFM-25MX-CFM174966C-5,25MX-CFM174966C,CFM-25CFTT177771-5,CM1000UZ-8LK,Bordeaux Red,4,1*53'Truck,U26BZABRTUSEH,Kansas,49 STATES,2026/2/28,2026-03-05,2026-03-05,2026-03-17,,,10267703,2026-03-04,-4,,
,,,CFM-25MX-CFM174966C-6,25MX-CFM174966C,CFM-25CFTT177771-6,CM1000UZ-8LK,Nebula Black,4,1*53'Truck,U26BZABBMUSEH,Kansas,49 STATES,2026/2/28,2026-03-05,2026-03-05,2026-03-17,,,10267704,2026-03-04,-4,,
,,,CFM-25MX-CFM174966C-7,25MX-CFM174966C,CFM-25CFTT177771-7,CM1000UZ-8LK,Bordeaux Red,4,1*53'Truck,U26BZABRTUSEH,Kansas,49 STATES,2026/2/28,2026-03-05,2026-03-05,2026-03-17,,,10267705,2026-03-04,-4,,
,,,CFM-25MX-CFM174966C-8,25MX-CFM174966C,CFM-25CFTT177771-8,CM1000UZ-8LK,Nebula Black,4,1*53'Truck,U26BZABBMUSEH,Kansas,49 STATES,2026/2/28,2026-03-05,2026-03-05,2026-03-17,,,10267706,2026-03-04,-4,,
,,,CFM-25MX-CFM174966C-9,25MX-CFM174966C,CFM-25CFTT177771-9,CM1000UZ-8LK,Bordeaux Red,4,1*53'Truck,U26BZABRTUSEH,Kansas,49 STATES,2026/2/28,2026-03-05,2026-03-05,2026-03-17,,,10267707,2026-03-04,-4,,
,,,CFM-25MX-CFM174966C-10,25MX-CFM174966C,CFM-25CFTT177771-10,CM1000UZ-8LK,Nebula Black,4,1*53'Truck,U26BZABBMUSEH,Kansas,49 STATES,2026/2/28,2026-03-06,2026-03-06,2026-03-18,,,10267683,2026-03-03,-3,,
,,,CFM-25MX-CFM174966C-11,25MX-CFM174966C,CFM-25CFTT177771-11,CM1000UZ-8LK,Bordeaux Red,4,1*53'Truck,U26BZABRTUSEH,Kansas,49 STATES,2026/2/28,2026-03-06,2026-03-06,2026-03-18,,,10267684,2026-03-03,-3,,
,,,CFM-25MX-CFM174966C-12,25MX-CFM174966C,CFM-25CFTT177771-12,CM1000UZ-8LK,Nebula Black,4,1*53'Truck,U26BZABBMUSEH,Kansas,49 STATES,2026/2/28,2026-03-06,2026-03-06,2026-03-18,,,10267685,2026-03-03,-3,,
,,,CFM-25MX-CFM174966C-13,25MX-CFM174966C,CFM-25CFTT177771-13,CM1000UZ-8LK,Bordeaux Red,4,1*53'Truck,U26BZABRTUSEH,Kansas,49 STATES,2026/2/28,2026-03-06,2026-03-06,2026-03-18,,,10267686,2026-03-03,-3,,
,,,CFM-25MX-CFM174966C-14,25MX-CFM174966C,CFM-25CFTT177771-14,CM1000UZ-8LK,Nebula Black,4,1*53'Truck,U26BZABBMUSEH,Kansas,49 STATES,2026/2/28,2026-03-06,2026-03-06,2026-03-18,,,10267687,2026-03-03,-3,,
,,,CFM-25MX-CFM174966C-15,25MX-CFM174966C,CFM-25CFTT177771-15,CM1000UZ-8LK,Bordeaux Red,4,1*53'Truck,U26BZABRTUSEH,Kansas,49 STATES,2026/2/28,2026-03-06,2026-03-06,2026-03-18,,,10267688,2026-03-03,-3,,
,,,CFM-25MX-CFM174966C-16,25MX-CFM174966C,CFM-25CFTT177771-16,CM1000UZ-8LK,Nebula Black,4,1*53'Truck,U26BZABBMUSEH,Kansas,49 STATES,2026/2/28,2026-03-06,2026-03-06,2026-03-18,,,10267689,2026-03-03,-3,,
,,,CFM-25MX-CFM174966C-17,25MX-CFM174966C,CFM-25CFTT177771-17,CM1000UZ-8LK,Bordeaux Red,4,1*53'Truck,U26BZABRTUSEH,Kansas,49 STATES,2026/2/28,2026-03-06,2026-03-06,2026-03-18,,,10267690,2026-03-03,-3,,
,,,CFM-25MX-CFM174966C-18,25MX-CFM174966C,CFM-25CFTT177771-18,CM1000UZ-8LK,Nebula Black,4,1*53'Truck,U26BZABBMUSEH,Kansas,49 STATES,2026/2/28,2026-03-06,2026-03-06,2026-03-18,,,10267691,2026-03-03,-3,,
,,,CFM-25MX-CFM174966C-19,25MX-CFM174966C,CFM-25CFTT177771-19,CM1000UZ-8LK,Bordeaux Red,4,1*53'Truck,U26BZABRTUSEH,Kansas,49 STATES,2026/2/28,2026-03-06,2026-03-06,2026-03-18,,,10267692,2026-03-03,-3,,
,,,CFM-25MX-CFM174966C-20,25MX-CFM174966C,CFM-25CFTT177771-20,CM1000UZ-8LK,Nebula Black,4,1*53'Truck,U26BZABBMUSEH,Kansas,49 STATES,2026/2/28,2026-03-06,2026-03-06,2026-03-18,,,10267694,2026-03-03,-3,,
,,,CFM-25MX-CFM174966C-21,25MX-CFM174966C,CFM-25CFTT177771-21,CM1000UZ-8LK,Bordeaux Red,4,1*53'Truck,U26BZABRTUSEH,Kansas,49 STATES,2026/2/28,2026-03-06,2026-03-06,2026-03-18,,,10267695,2026-03-03,-3,,
,,,CFM-25MX-CFM174966C-22,25MX-CFM174966C,CFM-25CFTT177771-22,CM1000UZ-8LK,Nebula Black,4,1*53'Truck,U26BZABBMUSEH,Kansas,49 STATES,2026/2/28,2026-03-06,2026-03-06,2026-03-18,,,10267696,2026-03-04,-4,,
,,,CFM-25MX-CFM174966C-23,25MX-CFM174966C,CFM-25CFTT177771-23,CM1000UZ-8LK,Bordeaux Red,4,1*53'Truck,U26BZABRTUSEH,Kansas,49 STATES,2026/2/28,2026-03-06,2026-03-06,2026-03-18,,,10267697,2026-03-04,-4,,
,,,CFM-25MX-CFM174966C-24,25MX-CFM174966C,CFM-25CFTT177771-24,CM1000UZ-8LK,Nebula Black,4,1*53'Truck,U26BZABBMUSEH,Kansas,49 STATES,2026/2/28,2026-03-06,2026-03-06,2026-03-18,,,10267698,2026-03-04,-4,,
,,,CFM-25MX-CFM174966C-25,25MX-CFM174966C,CFM-25CFTT177771-25,CM1000UZ-8LK,Bordeaux Red,4,1*53'Truck,U26BZABRTUSEH,Kansas,49 STATES,2026/2/28,2026-03-06,2026-03-06,2026-03-18,,,10267699,2026-03-04,-4,,
,,,CFM-25MX-CFM174966C-26,25MX-CFM174966C,CFM-25CFTT177771-26,CM1000UZ-8LK,Bordeaux Red,4,1*53'Truck,U26BZABRTUSEH,Kansas,49 STATES,2026/2/28,2026-03-06,2026-03-06,2026-03-18,,,10267700,2026-03-04,-4,,
,,,CFM-25MX-CFM174967C,25MX-CFM174967C,CFM-25CFTT177772,CM1000UZ-8LK,Nebula Black,4,1*53'Truck,U26BZABBMUSEH,Kansas,49 STATES,2026/3/3,2026-03-09,2026-03-09,2026-03-21,,,10267708,2026-03-04,-1,,
,,,CFM-25MX-CFM174967C-1,25MX-CFM174967C,CFM-25CFTT177772-1,CM1000UZ-8LK,Bordeaux Red,4,1*53'Truck,U26BZABRTUSEH,Kansas,49 STATES,2026/3/3,2026-03-09,2026-03-09,2026-03-21,,,10267709,2026-03-04,-1,,
,,,CFM-25MX-CFM174967C-2,25MX-CFM174967C,CFM-25CFTT177772-2,CM1000UZ-8LK,Nebula Black,4,1*53'Truck,U26BZABBMUSEH,Kansas,49 STATES,2026/3/3,2026-03-09,2026-03-09,2026-03-21,,,10267720,2026-03-04,-1,,
,,,CFM-25MX-CFM174967C-3,25MX-CFM174967C,CFM-25CFTT177772-3,CM1000UZ-8LK,Bordeaux Red,4,1*53'Truck,U26BZABRTUSEH,Kansas,49 STATES,2026/3/3,2026-03-09,2026-03-09,2026-03-21,,,10267728,2026-03-04,-1,,
,,,CFM-25MX-CFM174967C-4,25MX-CFM174967C,CFM-25CFTT177772-4,CM1000UZ-8LK,Nebula Black,4,1*53'Truck,U26BZABBMUSEH,Kansas,49 STATES,2026/3/3,2026-03-09,2026-03-09,2026-03-21,,,10267729,2026-03-04,-1,,
,,,CFM-25MX-CFM174967C-5,25MX-CFM174967C,CFM-25CFTT177772-5,CM1000UZ-8LK,Bordeaux Red,4,1*53'Truck,U26BZABRTUSEH,Kansas,49 STATES,2026/3/3,2026-03-09,2026-03-09,2026-03-21,,,10267730,2026-03-04,-1,,
,,,CFM-25MX-CFM174967C-6,25MX-CFM174967C,CFM-25CFTT177772-6,CM1000UZ-8LK,Nebula Black,4,1*53'Truck,U26BZABBMUSEH,Kansas,49 STATES,2026/3/4,2026-03-09,2026-03-09,2026-03-21,,,10267731,2026-03-04,0,,
,,,CFM-25MX-CFM174967C-7,25MX-CFM174967C,CFM-25CFTT177772-7,CM1000UZ-8LK,Bordeaux Red,4,1*53'Truck,U26BZABRTUSEH,Kansas,49 STATES,2026/3/4,2026-03-09,2026-03-09,2026-03-21,,,10267732,2026-03-04,0,,
,,,CFM-25MX-CFM174967C-8,25MX-CFM174967C,CFM-25CFTT177772-8,CM1000UZ-8LK,Nebula Black,4,1*53'Truck,U26BZABBMUSEH,Kansas,49 STATES,2026/3/4,2026-03-09,2026-03-09,2026-03-21,,,10267733,2026-03-04,0,,
,,,CFM-25MX-CFM174967C-9,25MX-CFM174967C,CFM-25CFTT177772-9,CM1000UZ-8LK,Bordeaux Red,4,1*53'Truck,U26BZABRTUSEH,Kansas,49 STATES,2026/3/4,2026-03-09,2026-03-09,2026-03-21,,,10267734,2026-03-04,0,,
,,,CFM-25MX-CFM174967C-10,25MX-CFM174967C,CFM-25CFTT177772-10,CM1000UZ-8LK,Nebula Black,4,1*53'Truck,U26BZABBMUSEH,Kansas,49 STATES,2026/3/3,2026-03-09,2026-03-09,2026-03-21,,,10267710,2026-03-04,-1,,
,,,CFM-25MX-CFM174967C-11,25MX-CFM174967C,CFM-25CFTT177772-11,CM1000UZ-8LK,Bordeaux Red,4,1*53'Truck,U26BZABRTUSEH,Kansas,49 STATES,2026/3/3,2026-03-09,2026-03-09,2026-03-21,,,10267711,2026-03-04,-1,,
,,,CFM-25MX-CFM174967C-12,25MX-CFM174967C,CFM-25CFTT177772-12,CM1000UZ-8LK,Nebula Black,4,1*53'Truck,U26BZABBMUSEH,Kansas,49 STATES,2026/3/3,2026-03-09,2026-03-09,2026-03-21,,,10267712,2026-03-04,-1,,
,,,CFM-25MX-CFM174967C-13,25MX-CFM174967C,CFM-25CFTT177772-13,CM1000UZ-8LK,Bordeaux Red,4,1*53'Truck,U26BZABRTUSEH,Kansas,49 STATES,2026/3/3,2026-03-09,2026-03-09,2026-03-21,,,10267713,2026-03-04,-1,,
,,,CFM-25MX-CFM174967C-14,25MX-CFM174967C,CFM-25CFTT177772-14,CM1000UZ-8LK,Nebula Black,4,1*53'Truck,U26BZABBMUSEH,Kansas,49 STATES,2026/3/3,2026-03-09,2026-03-09,2026-03-21,,,10267714,2026-03-04,-1,,
,,,CFM-25MX-CFM174967C-15,25MX-CFM174967C,CFM-25CFTT177772-15,CM1000UZ-8LK,Bordeaux Red,4,1*53'Truck,U26BZABRTUSEH,Kansas,49 STATES,2026/3/3,2026-03-09,2026-03-09,2026-03-21,,,10267715,2026-03-04,-1,,
,,,CFM-25MX-CFM174967C-16,25MX-CFM174967C,CFM-25CFTT177772-16,CM1000UZ-8LK,Nebula Black,4,1*53'Truck,U26BZABBMUSEH,Kansas,49 STATES,2026/3/3,2026-03-09,2026-03-09,2026-03-21,,,10267716,2026-03-04,-1,,
,,,CFM-25MX-CFM174967C-17,25MX-CFM174967C,CFM-25CFTT177772-17,CM1000UZ-8LK,Bordeaux Red,4,1*53'Truck,U26BZABRTUSEH,Kansas,49 STATES,2026/3/3,2026-03-09,2026-03-09,2026-03-21,,,10267717,2026-03-04,-1,,
,,,CFM-25MX-CFM174967C-18,25MX-CFM174967C,CFM-25CFTT177772-18,CM1000UZ-8LK,Nebula Black,4,1*53'Truck,U26BZABBMUSEH,Kansas,49 STATES,2026/3/3,2026-03-09,2026-03-09,2026-03-21,,,10267718,2026-03-04,-1,,
,,,CFM-25MX-CFM174967C-19,25MX-CFM174967C,CFM-25CFTT177772-19,CM1000UZ-8LK,Bordeaux Red,4,1*53'Truck,U26BZABRTUSEH,Kansas,49 STATES,2026/3/3,2026-03-09,2026-03-09,2026-03-21,,,10267719,2026-03-04,-1,,
,,,CFM-25MX-CFM174967C-20,25MX-CFM174967C,CFM-25CFTT177772-20,CM1000UZ-8LK,Nebula Black,4,1*53'Truck,U26BZABBMUSEH,Kansas,49 STATES,2026/3/3,2026-03-09,2026-03-09,2026-03-21,,,10267721,2026-03-04,-1,,
,,,CFM-25MX-CFM174967C-21,25MX-CFM174967C,CFM-25CFTT177772-21,CM1000UZ-8LK,Bordeaux Red,4,1*53'Truck,U26BZABRTUSEH,Kansas,49 STATES,2026/3/3,2026-03-09,2026-03-09,2026-03-21,,,10267722,2026-03-04,-1,,
,,,CFM-25MX-CFM174967C-22,25MX-CFM174967C,CFM-25CFTT177772-22,CM1000UZ-8LK,Nebula Black,4,1*53'Truck,U26BZABBMUSEH,Kansas,49 STATES,2026/3/3,2026-03-09,2026-03-09,2026-03-21,,,10267723,2026-03-04,-1,,
,,,CFM-25MX-CFM174967C-23,25MX-CFM174967C,CFM-25CFTT177772-23,CM1000UZ-8LK,Bordeaux Red,4,1*53'Truck,U26BZABRTUSEH,Kansas,49 STATES,2026/3/3,2026-03-09,2026-03-09,2026-03-21,,,10267724,2026-03-04,-1,,
,,,CFM-25MX-CFM174967C-24,25MX-CFM174967C,CFM-25CFTT177772-24,CM1000UZ-8LK,Nebula Black,4,1*53'Truck,U26BZABBMUSEH,Kansas,49 STATES,2026/3/3,2026-03-09,2026-03-09,2026-03-21,,,10267725,2026-03-04,-1,,
,,,CFM-25MX-CFM174967C-25,25MX-CFM174967C,CFM-25CFTT177772-25,CM1000UZ-8LK,Bordeaux Red,4,1*53'Truck,U26BZABRTUSEH,Kansas,49 STATES,2026/3/3,2026-03-09,2026-03-09,2026-03-21,,,10267726,2026-03-04,-1,,
,,,CFM-25MX-CFM174967C-26,25MX-CFM174967C,CFM-25CFTT177772-26,CM1000UZ-8LK,Nebula Black,4,1*53'Truck,U26BZABBMUSEH,Kansas,49 STATES,2026/3/3,2026-03-09,2026-03-09,2026-03-21,,,10267727,2026-03-04,-1,,
,,,CFM-25MX-CFM174968C,25MX-CFM174968C,CFM-25CFTT177773,CM1000UZ-8LK,Nebula Black,4,1*53'Truck,U26BZABBMUSEH,Kansas,49 STATES,2026/3/4,2026-03-10,2026-03-10,2026-03-22,,,10267735,2026-03-04,0,,
,,,CFM-25MX-CFM174968C-1,25MX-CFM174968C,CFM-25CFTT177773-1,CM1000UZ-8LK,Bordeaux Red,4,1*53'Truck,U26BZABRTUSEH,Kansas,49 STATES,2026/3/4,2026-03-10,2026-03-10,2026-03-22,,,10267736,2026-03-04,0,,
,,,CFM-25MX-CFM174968C-2,25MX-CFM174968C,CFM-25CFTT177773-2,CM1000UZ-8LK,Nebula Black,4,1*53'Truck,U26BZABBMUSEH,Kansas,49 STATES,2026/3/4,2026-03-10,2026-03-10,2026-03-22,,,10267747,2026-03-04,0,,
,,,CFM-25MX-CFM174968C-3,25MX-CFM174968C,CFM-25CFTT177773-3,CM1000UZ-8LK,Bordeaux Red,4,1*53'Truck,U26BZABRTUSEH,Kansas,49 STATES,2026/3/4,2026-03-10,2026-03-10,2026-03-22,,,10267755,2026-03-05,-1,,
,,,CFM-25MX-CFM174968C-4,25MX-CFM174968C,CFM-25CFTT177773-4,CM1000UZ-8LK,Nebula Black,4,1*53'Truck,U26BZABBMUSEH,Kansas,49 STATES,2026/3/4,2026-03-10,2026-03-10,2026-03-22,,,10267756,2026-03-05,-1,,
,,,CFM-25MX-CFM174968C-5,25MX-CFM174968C,CFM-25CFTT177773-5,CM1000UZ-8LK,Bordeaux Red,4,1*53'Truck,U26BZABRTUSEH,Kansas,49 STATES,2026/3/4,2026-03-10,2026-03-10,2026-03-22,,,10267757,2026-03-05,-1,,
,,,CFM-25MX-CFM174968C-6,25MX-CFM174968C,CFM-25CFTT177773-6,CM1000UZ-8LK,Nebula Black,4,1*53'Truck,U26BZABBMUSEH,Kansas,49 STATES,2026/3/4,2026-03-10,2026-03-10,2026-03-22,,,10267758,2026-03-05,-1,,
,,,CFM-25MX-CFM174968C-7,25MX-CFM174968C,CFM-25CFTT177773-7,CM1000UZ-8LK,Bordeaux Red,4,1*53'Truck,U26BZABRTUSEH,Kansas,49 STATES,2026/3/4,2026-03-10,2026-03-10,2026-03-22,,,10267759,2026-03-05,-1,,
,,,CFM-25MX-CFM174968C-8,25MX-CFM174968C,CFM-25CFTT177773-8,CM1000UZ-8LK,Nebula Black,4,1*53'Truck,U26BZABBMUSEH,Kansas,49 STATES,2026/3/4,2026-03-10,2026-03-10,2026-03-22,,,10267760,2026-03-05,-1,,
,,,CFM-25MX-CFM174968C-9,25MX-CFM174968C,CFM-25CFTT177773-9,CM1000UZ-8LK,Bordeaux Red,4,1*53'Truck,U26BZABRTUSEH,Kansas,49 STATES,2026/3/4,2026-03-10,2026-03-10,2026-03-22,,,10267761,2026-03-05,-1,,
,,,CFM-25MX-CFM174968C-10,25MX-CFM174968C,CFM-25CFTT177773-10,CM1000UZ-8LK,Nebula Black,4,1*53'Truck,U26BZABBMUSEH,Kansas,49 STATES,2026/3/4,2026-03-10,2026-03-10,2026-03-22,,,10267737,2026-03-04,0,,
,,,CFM-25MX-CFM174968C-11,25MX-CFM174968C,CFM-25CFTT177773-11,CM1000UZ-8LK,Bordeaux Red,4,1*53'Truck,U26BZABRTUSEH,Kansas,49 STATES,2026/3/4,2026-03-10,2026-03-10,2026-03-22,,,10267738,2026-03-04,0,,
,,,CFM-25MX-CFM174968C-12,25MX-CFM174968C,CFM-25CFTT177773-12,CM1000UZ-8LK,Nebula Black,4,1*53'Truck,U26BZABBMUSEH,Kansas,49 STATES,2026/3/4,2026-03-10,2026-03-10,2026-03-22,,,10267739,2026-03-04,0,,
,,,CFM-25MX-CFM174968C-13,25MX-CFM174968C,CFM-25CFTT177773-13,CM1000UZ-8LK,Bordeaux Red,4,1*53'Truck,U26BZABRTUSEH,Kansas,49 STATES,2026/3/4,2026-03-10,2026-03-10,2026-03-22,,,10267740,2026-03-04,0,,
,,,CFM-25MX-CFM174968C-14,25MX-CFM174968C,CFM-25CFTT177773-14,CM1000UZ-8LK,Nebula Black,4,1*53'Truck,U26BZABBMUSEH,Kansas,49 STATES,2026/3/4,2026-03-10,2026-03-10,2026-03-22,,,10267741,2026-03-04,0,,
,,,CFM-25MX-CFM174968C-15,25MX-CFM174968C,CFM-25CFTT177773-15,CM1000UZ-8LK,Bordeaux Red,4,1*53'Truck,U26BZABRTUSEH,Kansas,49 STATES,2026/3/4,2026-03-10,2026-03-10,2026-03-22,,,10267742,2026-03-04,0,,
,,,CFM-25MX-CFM174968C-16,25MX-CFM174968C,CFM-25CFTT177773-16,CM1000UZ-8LK,Nebula Black,4,1*53'Truck,U26BZABBMUSEH,Kansas,49 STATES,2026/3/4,2026-03-10,2026-03-10,2026-03-22,,,10267743,2026-03-04,0,,
,,,CFM-25MX-CFM174968C-17,25MX-CFM174968C,CFM-25CFTT177773-17,CM1000UZ-8LK,Bordeaux Red,4,1*53'Truck,U26BZABRTUSEH,Kansas,49 STATES,2026/3/4,2026-03-10,2026-03-10,2026-03-22,,,10267744,2026-03-04,0,,
,,,CFM-25MX-CFM174968C-18,25MX-CFM174968C,CFM-25CFTT177773-18,CM1000UZ-8LK,Nebula Black,4,1*53'Truck,U26BZABBMUSEH,Kansas,49 STATES,2026/3/4,2026-03-10,2026-03-10,2026-03-22,,,10267745,2026-03-04,0,,
,,,CFM-25MX-CFM174968C-19,25MX-CFM174968C,CFM-25CFTT177773-19,CM1000UZ-8LK,Bordeaux Red,4,1*53'Truck,U26BZABRTUSEH,Kansas,49 STATES,2026/3/4,2026-03-10,2026-03-10,2026-03-22,,,10267746,2026-03-04,0,,
,,,CFM-25MX-CFM174968C-20,25MX-CFM174968C,CFM-25CFTT177773-20,CM1000UZ-8LK,Nebula Black,4,1*53'Truck,U26BZABBMUSEH,Kansas,49 STATES,2026/3/4,2026-03-10,2026-03-10,2026-03-22,,,10267748,2026-03-04,0,,
,,,CFM-25MX-CFM174968C-21,25MX-CFM174968C,CFM-25CFTT177773-21,CM1000UZ-8LK,Bordeaux Red,4,1*53'Truck,U26BZABRTUSEH,Kansas,49 STATES,2026/3/4,2026-03-10,2026-03-10,2026-03-22,,,10267749,2026-03-05,-1,,
,,,CFM-25MX-CFM174968C-22,25MX-CFM174968C,CFM-25CFTT177773-22,CM1000UZ-8LK,Nebula Black,4,1*53'Truck,U26BZABBMUSEH,Kansas,49 STATES,2026/3/4,2026-03-10,2026-03-10,2026-03-22,,,10267750,2026-03-05,-1,,
,,,CFM-25MX-CFM174968C-23,25MX-CFM174968C,CFM-25CFTT177773-23,CM1000UZ-8LK,Bordeaux Red,4,1*53'Truck,U26BZABRTUSEH,Kansas,49 STATES,2026/3/4,2026-03-10,2026-03-10,2026-03-22,,,10267751,2026-03-05,-1,,
,,,CFM-25MX-CFM174968C-24,25MX-CFM174968C,CFM-25CFTT177773-24,CM1000UZ-8LK,Nebula Black,4,1*53'Truck,U26BZABBMUSEH,Kansas,49 STATES,2026/3/4,2026-03-10,2026-03-10,2026-03-22,,,10267752,2026-03-05,-1,,
,,,CFM-25MX-CFM174968C-25,25MX-CFM174968C,CFM-25CFTT177773-25,CM1000UZ-8LK,Bordeaux Red,4,1*53'Truck,U26BZABRTUSEH,Kansas,49 STATES,2026/3/4,2026-03-10,2026-03-10,2026-03-22,,,10267753,2026-03-05,-1,,
,,,CFM-25MX-CFM174968C-26,25MX-CFM174968C,CFM-25CFTT177773-26,CM1000UZ-8LK,Bordeaux Red,4,1*53'Truck,U26BZABRTUSEH,Kansas,49 STATES,2026/3/4,2026-03-11,2026-03-11,2026-03-23,,,10267754,2026-03-05,-1,,
,,,CFM-25MX-CFM174969C,25MX-CFM174969C,CFM-25CFTT177774,CM1000UZ-8LK,Nebula Black,4,1*53'Truck,U26BZABBMUSEH,Kansas,49 STATES,2026/3/4,2026-03-11,2026-03-11,2026-03-23,,,10267762,2026-03-05,-1,,
,,,CFM-25MX-CFM174969C-1,25MX-CFM174969C,CFM-25CFTT177774-1,CM1000UZ-8LK,Bordeaux Red,4,1*53'Truck,U26BZABRTUSEH,Kansas,49 STATES,2026/3/4,2026-03-11,2026-03-11,2026-03-23,,,10267763,2026-03-05,-1,,
,,,CFM-25MX-CFM174969C-2,25MX-CFM174969C,CFM-25CFTT177774-2,CM1000UZ-8LK,Nebula Black,4,1*53'Truck,U26BZABBMUSEH,Kansas,49 STATES,2026/3/4,2026-03-11,2026-03-11,2026-03-23,,,10267774,2026-03-05,-1,,
,,,CFM-25MX-CFM174969C-3,25MX-CFM174969C,CFM-25CFTT177774-3,CM1000UZ-8LK,Bordeaux Red,4,1*53'Truck,U26BZABRTUSEH,Kansas,49 STATES,2026/3/4,2026-03-11,2026-03-11,2026-03-23,,,10267782,2026-03-05,-1,,
,,,CFM-25MX-CFM174969C-4,25MX-CFM174969C,CFM-25CFTT177774-4,CM1000UZ-8LK,Nebula Black,4,1*53'Truck,U26BZABBMUSEH,Kansas,49 STATES,2026/3/5,2026-03-11,2026-03-11,2026-03-23,,,10267783,2026-03-05,0,,
,,,CFM-25MX-CFM174969C-5,25MX-CFM174969C,CFM-25CFTT177774-5,CM1000UZ-8LK,Bordeaux Red,4,1*53'Truck,U26BZABRTUSEH,Kansas,49 STATES,2026/3/5,2026-03-11,2026-03-11,2026-03-23,,,10267784,2026-03-05,0,,
,,,CFM-25MX-CFM174969C-6,25MX-CFM174969C,CFM-25CFTT177774-6,CM1000UZ-8LK,Nebula Black,4,1*53'Truck,U26BZABBMUSEH,Kansas,49 STATES,2026/3/5,2026-03-11,2026-03-11,2026-03-23,,,10267785,2026-03-05,0,,
,,,CFM-25MX-CFM174969C-7,25MX-CFM174969C,CFM-25CFTT177774-7,CM1000UZ-8LK,Bordeaux Red,4,1*53'Truck,U26BZABRTUSEH,Kansas,49 STATES,2026/3/5,2026-03-11,2026-03-11,2026-03-23,,,10267786,2026-03-05,0,,
,,,CFM-25MX-CFM174969C-8,25MX-CFM174969C,CFM-25CFTT177774-8,CM1000UZ-8LK,Nebula Black,4,1*53'Truck,U26BZABBMUSEH,Kansas,49 STATES,2026/3/5,2026-03-11,2026-03-11,2026-03-23,,,10267787,2026-03-05,0,,
,,,CFM-25MX-CFM174969C-9,25MX-CFM174969C,CFM-25CFTT177774-9,CM1000UZ-8LK,Bordeaux Red,4,1*53'Truck,U26BZABRTUSEH,Kansas,49 STATES,2026/3/5,2026-03-11,2026-03-11,2026-03-23,,,10267788,2026-03-05,0,,
,,,CFM-25MX-CFM174969C-10,25MX-CFM174969C,CFM-25CFTT177774-10,CM1000UZ-8LK,Nebula Black,4,1*53'Truck,U26BZABBMUSEH,Kansas,49 STATES,2026/3/4,2026-03-11,2026-03-11,2026-03-23,,,10267764,2026-03-05,-1,,
,,,CFM-25MX-CFM174969C-11,25MX-CFM174969C,CFM-25CFTT177774-11,CM1000UZ-8LK,Bordeaux Red,4,1*53'Truck,U26BZABRTUSEH,Kansas,49 STATES,2026/3/4,2026-03-11,2026-03-11,2026-03-23,,,10267765,2026-03-05,-1,,
,,,CFM-25MX-CFM174969C-12,25MX-CFM174969C,CFM-25CFTT177774-12,CM1000UZ-8LK,Nebula Black,4,1*53'Truck,U26BZABBMUSEH,Kansas,49 STATES,2026/3/4,2026-03-11,2026-03-11,2026-03-23,,,10267766,2026-03-05,-1,,
,,,CFM-25MX-CFM174969C-13,25MX-CFM174969C,CFM-25CFTT177774-13,CM1000UZ-8LK,Bordeaux Red,4,1*53'Truck,U26BZABRTUSEH,Kansas,49 STATES,2026/3/4,2026-03-11,2026-03-11,2026-03-23,,,10267767,2026-03-05,-1,,
,,,CFM-25MX-CFM174969C-14,25MX-CFM174969C,CFM-25CFTT177774-14,CM1000UZ-8LK,Nebula Black,4,1*53'Truck,U26BZABBMUSEH,Kansas,49 STATES,2026/3/4,2026-03-11,2026-03-11,2026-03-23,,,10267768,2026-03-05,-1,,
,,,CFM-25MX-CFM174969C-15,25MX-CFM174969C,CFM-25CFTT177774-15,CM1000UZ-8LK,Bordeaux Red,4,1*53'Truck,U26BZABRTUSEH,Kansas,49 STATES,2026/3/4,2026-03-11,2026-03-11,2026-03-23,,,10267769,2026-03-05,-1,,
,,,CFM-25MX-CFM174969C-16,25MX-CFM174969C,CFM-25CFTT177774-16,CM1000UZ-8LK,Nebula Black,4,1*53'Truck,U26BZABBMUSEH,Kansas,49 STATES,2026/3/4,2026-03-11,2026-03-11,2026-03-23,,,10267770,2026-03-05,-1,,
,,,CFM-25MX-CFM174969C-17,25MX-CFM174969C,CFM-25CFTT177774-17,CM1000UZ-8LK,Bordeaux Red,4,1*53'Truck,U26BZABRTUSEH,Kansas,49 STATES,2026/3/4,2026-03-11,2026-03-11,2026-03-23,,,10267771,2026-03-05,-1,,
,,,CFM-25MX-CFM174969C-18,25MX-CFM174969C,CFM-25CFTT177774-18,CM1000UZ-8LK,Nebula Black,4,1*53'Truck,U26BZABBMUSEH,Kansas,49 STATES,2026/3/4,2026-03-11,2026-03-11,2026-03-23,,,10267772,2026-03-05,-1,,
,,,CFM-25MX-CFM174969C-19,25MX-CFM174969C,CFM-25CFTT177774-19,CM1000UZ-8LK,Bordeaux Red,4,1*53'Truck,U26BZABRTUSEH,Kansas,49 STATES,2026/3/4,2026-03-11,2026-03-11,2026-03-23,,,10267773,2026-03-05,-1,,
,,,CFM-25MX-CFM174969C-20,25MX-CFM174969C,CFM-25CFTT177774-20,CM1000UZ-8LK,Nebula Black,4,1*53'Truck,U26BZABBMUSEH,Kansas,49 STATES,2026/3/4,2026-03-11,2026-03-11,2026-03-23,,,10267775,2026-03-05,-1,,
,,,CFM-25MX-CFM174969C-21,25MX-CFM174969C,CFM-25CFTT177774-21,CM1000UZ-8LK,Bordeaux Red,4,1*53'Truck,U26BZABRTUSEH,Kansas,49 STATES,2026/3/4,2026-03-11,2026-03-11,2026-03-23,,,10267776,2026-03-05,-1,,
,,,CFM-25MX-CFM174969C-22,25MX-CFM174969C,CFM-25CFTT177774-22,CM1000UZ-8LK,Nebula Black,4,1*53'Truck,U26BZABBMUSEH,Kansas,49 STATES,2026/3/4,2026-03-11,2026-03-11,2026-03-23,,,10267777,2026-03-05,-1,,
,,,CFM-25MX-CFM174969C-23,25MX-CFM174969C,CFM-25CFTT177774-23,CM1000UZ-8LK,Bordeaux Red,4,1*53'Truck,U26BZABRTUSEH,Kansas,49 STATES,2026/3/4,2026-03-11,2026-03-11,2026-03-23,,,10267778,2026-03-05,-1,,
,,,CFM-25MX-CFM174969C-24,25MX-CFM174969C,CFM-25CFTT177774-24,CM1000UZ-8LK,Nebula Black,4,1*53'Truck,U26BZABBMUSEH,Kansas,49 STATES,2026/3/4,2026-03-11,2026-03-11,2026-03-23,,,10267779,2026-03-05,-1,,
,,,CFM-25MX-CFM174969C-25,25MX-CFM174969C,CFM-25CFTT177774-25,CM1000UZ-8LK,Bordeaux Red,4,1*53'Truck,U26BZABRTUSEH,Kansas,49 STATES,2026/3/4,2026-03-11,2026-03-11,2026-03-23,,,10267780,2026-03-05,-1,,
,,,CFM-25MX-CFM174969C-26,25MX-CFM174969C,CFM-25CFTT177774-26,CM1000UZ-8LK,Nebula Black,4,1*53'Truck,U26BZABBMUSEH,Kansas,49 STATES,2026/3/4,2026-03-11,2026-03-11,2026-03-23,,,10267781,2026-03-05,-1,,
,,,CFM-25MX-CFM175317C,25MX-CFM175317C,CFM-25CFTT178301,CM1000UZ-8LK,Nebula Black,4,1*53'Truck,U26BZABBMUSEH,Kansas,49 STATES,2026/3/5,2026-03-13,2026-03-13,2026-03-25,,,10267903,2026-03-05,0,,
,,,CFM-25MX-CFM175317C-1,25MX-CFM175317C,CFM-25CFTT178301-1,CM1000UZ-8LK,Bordeaux Red,4,1*53'Truck,U26BZABRTUSEH,Kansas,49 STATES,2026/3/5,2026-03-13,2026-03-13,2026-03-25,,,10267904,2026-03-05,0,,
,,,CFM-25MX-CFM175317C-2,25MX-CFM175317C,CFM-25CFTT178301-2,CM1000UZ-8LK,Nebula Black,4,1*53'Truck,U26BZABBMUSEH,Kansas,49 STATES,2026/3/5,2026-03-13,2026-03-13,2026-03-25,,,10267915,2026-03-06,-1,,
,,,CFM-25MX-CFM175317C-3,25MX-CFM175317C,CFM-25CFTT178301-3,CM1000UZ-8LK,Bordeaux Red,4,1*53'Truck,U26BZABRTUSEH,Kansas,49 STATES,2026/3/5,2026-03-13,2026-03-13,2026-03-25,,,10267921,2026-03-06,-1,,
,,,CFM-25MX-CFM175317C-4,25MX-CFM175317C,CFM-25CFTT178301-4,CM1000UZ-8LK,Nebula Black,4,1*53'Truck,U26BZABBMUSEH,Kansas,49 STATES,2026/3/5,2026-03-13,2026-03-13,2026-03-25,,,10267922,2026-03-06,-1,,
,,,CFM-25MX-CFM175317C-5,25MX-CFM175317C,CFM-25CFTT178301-5,CM1000UZ-8LK,Bordeaux Red,4,1*53'Truck,U26BZABRTUSEH,Kansas,49 STATES,2026/3/5,2026-03-13,2026-03-13,2026-03-25,,,10267923,2026-03-06,-1,,
,,,CFM-25MX-CFM175317C-6,25MX-CFM175317C,CFM-25CFTT178301-6,CM1000UZ-8LK,Nebula Black,4,1*53'Truck,U26BZABBMUSEH,Kansas,49 STATES,2026/3/5,2026-03-13,2026-03-13,2026-03-25,,,10267924,2026-03-06,-1,,
,,,CFM-25MX-CFM175317C-7,25MX-CFM175317C,CFM-25CFTT178301-7,CM1000UZ-8LK,Bordeaux Red,4,1*53'Truck,U26BZABRTUSEH,Kansas,49 STATES,2026/3/5,2026-03-13,2026-03-13,2026-03-25,,,10267925,2026-03-06,-1,,
,,,CFM-25MX-CFM175317C-8,25MX-CFM175317C,CFM-25CFTT178301-8,CM1000UZ-8LK,Nebula Black,4,1*53'Truck,U26BZABBMUSEH,Kansas,49 STATES,2026/3/5,2026-03-13,2026-03-13,2026-03-25,,,10267926,2026-03-06,-1,,
,,,CFM-25MX-CFM175317C-9,25MX-CFM175317C,CFM-25CFTT178301-9,CM1000UZ-8LK,Bordeaux Red,4,1*53'Truck,U26BZABRTUSEH,Kansas,49 STATES,2026/3/5,2026-03-13,2026-03-13,2026-03-25,,,10267927,2026-03-06,-1,,
,,,CFM-25MX-CFM175317C-10,25MX-CFM175317C,CFM-25CFTT178301-10,CM1000UZ-8LK,Nebula Black,4,1*53'Truck,U26BZABBMUSEH,Kansas,49 STATES,2026/3/5,2026-03-13,2026-03-13,2026-03-25,,,10267905,2026-03-05,0,,
,,,CFM-25MX-CFM175317C-11,25MX-CFM175317C,CFM-25CFTT178301-11,CM1000UZ-8LK,Bordeaux Red,4,1*53'Truck,U26BZABRTUSEH,Kansas,49 STATES,2026/3/5,2026-03-13,2026-03-13,2026-03-25,,,10267906,2026-03-05,0,,
,,,CFM-25MX-CFM175317C-12,25MX-CFM175317C,CFM-25CFTT178301-12,CM1000UZ-8LK,Nebula Black,4,1*53'Truck,U26BZABBMUSEH,Kansas,49 STATES,2026/3/5,2026-03-13,2026-03-13,2026-03-25,,,10267907,2026-03-05,0,,
,,,CFM-25MX-CFM175317C-13,25MX-CFM175317C,CFM-25CFTT178301-13,CM1000UZ-8LK,Bordeaux Red,4,1*53'Truck,U26BZABRTUSEH,Kansas,49 STATES,2026/3/5,2026-03-13,2026-03-13,2026-03-25,,,10267908,2026-03-05,0,,
,,,CFM-25MX-CFM175317C-14,25MX-CFM175317C,CFM-25CFTT178301-14,CM1000UZ-8LK,Nebula Black,4,1*53'Truck,U26BZABBMUSEH,Kansas,49 STATES,2026/3/5,2026-03-13,2026-03-13,2026-03-25,,,10267909,2026-03-05,0,,
,,,CFM-25MX-CFM175317C-15,25MX-CFM175317C,CFM-25CFTT178301-15,CM1000UZ-8LK,Bordeaux Red,4,1*53'Truck,U26BZABRTUSEH,Kansas,49 STATES,2026/3/5,2026-03-13,2026-03-13,2026-03-25,,,10267910,2026-03-05,0,,
,,,CFM-25MX-CFM175317C-16,25MX-CFM175317C,CFM-25CFTT178301-16,CM1000UZ-8LK,Nebula Black,4,1*53'Truck,U26BZABBMUSEH,Kansas,49 STATES,2026/3/5,2026-03-13,2026-03-13,2026-03-25,,,10267911,2026-03-05,0,,
,,,CFM-25MX-CFM175317C-17,25MX-CFM175317C,CFM-25CFTT178301-17,CM1000UZ-8LK,Bordeaux Red,4,1*53'Truck,U26BZABRTUSEH,Kansas,49 STATES,2026/3/5,2026-03-13,2026-03-13,2026-03-25,,,10267912,2026-03-05,0,,
,,,CFM-25MX-CFM175317C-18,25MX-CFM175317C,CFM-25CFTT178301-18,CM1000UZ-8LK,Nebula Black,4,1*53'Truck,U26BZABBMUSEH,Kansas,49 STATES,2026/3/5,2026-03-13,2026-03-13,2026-03-25,,,10267913,2026-03-05,0,,
,,,CFM-25MX-CFM175317C-19,25MX-CFM175317C,CFM-25CFTT178301-19,CM1000UZ-8LK,Bordeaux Red,4,1*53'Truck,U26BZABRTUSEH,Kansas,49 STATES,2026/3/5,2026-03-13,2026-03-13,2026-03-25,,,10267914,2026-03-05,0,,
,,,CFM-25MX-CFM175317C-20,25MX-CFM175317C,CFM-25CFTT178301-20,CM1000UZ-8LK,Nebula Black,4,1*53'Truck,U26BZABBMUSEH,Kansas,49 STATES,2026/3/5,2026-03-13,2026-03-13,2026-03-25,,,10267916,2026-03-06,-1,,
,,,CFM-25MX-CFM175317C-21,25MX-CFM175317C,CFM-25CFTT178301-21,CM1000UZ-8LK,Bordeaux Red,4,1*53'Truck,U26BZABRTUSEH,Kansas,49 STATES,2026/3/5,2026-03-13,2026-03-13,2026-03-25,,,10267917,2026-03-06,-1,,
,,,CFM-25MX-CFM175317C-22,25MX-CFM175317C,CFM-25CFTT178301-22,CM1000UZ-8LK,Nebula Black,4,1*53'Truck,U26BZABBMUSEH,Kansas,49 STATES,2026/3/5,2026-03-13,2026-03-13,2026-03-25,,,10267918,2026-03-06,-1,,
,,,CFM-25MX-CFM175317C-23,25MX-CFM175317C,CFM-25CFTT178301-23,CM1000UZ-8LK,Bordeaux Red,4,1*53'Truck,U26BZABRTUSEH,Kansas,49 STATES,2026/3/5,2026-03-13,2026-03-13,2026-03-25,,,10267919,2026-03-06,-1,,
,,,CFM-25MX-CFM175317C-24,25MX-CFM175317C,CFM-25CFTT178301-24,CM1000UZ-8LK,Bordeaux Red,4,1*53'Truck,U26BZABRTUSEH,Kansas,49 STATES,2026/3/5,2026-03-13,2026-03-13,2026-03-25,,,10267920,2026-03-06,-1,,
,,,,,,,,,,,,,,,,,,,,,,,
,,,,,,,,,,,,,,,,,,,,,,,
,,,,,,,,,,,,,,,,,,,,,,,
,,,,,,,,,,,,,,,,,,,,,,,
,,,,,,,,,,,,,,,,,,,,,,,
,,,,,,,,,,,,,,,,,,,,,,,
,,,,,,,,,,,,,,,,,,,,,,,
,,,,,,,,,,,,,,,,,,,,,,,
,,,,,,,,,,,,,,,,,,,,,,,
,,,,,,,,,,,,,,,,,,,,,,,
,,,,,,,,,,,,,,,,,,,,,,,
,,,,,,,,,,,,,,,,,,,,,,,
,,,,,,,,,,,,,,,,,,,,,,,
,,,,,,,,means: the production time is updated,,,,,,,,,,,,,,,
,,,,,,,,"means:estimated time,just for your reference, it will be updated according to the actual production schedule.",,,,,,,,,,,,,,,
,,,,,,,,"means:vehicles has been shipped out, and shipment time is updated and waitting for Telex release",,,,,,,,,,,,,,,
,,,,,,,,means：space is released,,,,,,,,,,,,,,,
,,,,,,,,means：on the way to US,,,,,,,,,,,,,,,