INVOICE NO,DATE,ITEM,MODEL,PART NO,ENGLISH NAME,SPANISH DESCRIPTION,HTS,PROSEC,RB,QTY,UM,NETWEIGHT,UNIT PRICE,TOTAL AMOUNT,REGIMEN
25CFTT179202-6,"Apr-12th,2026",1,CM1000UZ-8LK,0NYV-111000-3000,AIR FILTER INLET PIPE ASSY,TUBERIA PREFORMADA,8708999999,,,108,PZA,1.1260,6.4500,696.60,IN
25CFTT179202-6,"Apr-12th,2026",2,CM1000UZ-8LK,0NYV-113000-3000,AIR FILTER EXHAUST PIPE ASSY,TUBERIA PREFORMADA,8708999999,,,108,PZA,0.7200,4.6100,497.88,IN
25CFTT179202-6,"Apr-12th,2026",3,CM1000UZ-8LK,5ASV-132000-6000-23,Seat Buffer,BASE DE GOMA,4016999907,,,216,PZA,1.0000,0.0400,8.64,IN
25CFTT179202-6,"Apr-12th,2026",4,CM1000UZ-8LK,5HYV-002009-6001,INTAKE CAVITY,TUBERIA PREFORMADA,8708999999,,,108,PZA,0.5510,2.7500,297.00,IN
25CFTT179202-6,"Apr-12th,2026",5,CM1000UZ-8LK,5HYV-002012-6001,CVT FRONT INTAKE PIPE CONNECTOR,TUBERIA PREFORMADA,8708999999,,,108,PZA,0.1840,0.9700,104.76,IN
25CFTT179202-6,"Apr-12th,2026",6,CM1000UZ-8LK,5HYV-002013-6001,CVT FRONT INTAKE PIPE,TUBERIA PREFORMADA,8708999999,,,108,PZA,0.3700,1.8900,204.12,IN
25CFTT179202-6,"Apr-12th,2026",7,CM1000UZ-8LK,5HYV-043062-6000,DRIVER SEAT LH LOWER FENDER,GUARDABARROS,8708290100,,,108,PZA,0.5670,1.6500,178.20,IN
25CFTT179202-6,"Apr-12th,2026",8,CM1000UZ-8LK,5HYV-132000-4500-20,100x150 Waterproofing Bag,BOLSA DE PLASTICO,3923299101,,,216,PZA,0.0120,0.1600,34.56,A1
25CFTT179202-6,"Apr-12th,2026",9,CM1000UZ-8LK,5HYV-134000-4500-23,M6x13 Hexagon Socket Column Head Cap Screw,TORNILLO DE ACERO DE USO AUTOMOTRIZ,7318150400,Ex.,,108,PZA,0.0020,0.0100,1.08,IN
25CFTT179202-6,"Apr-12th,2026",10,CM1000UZ-8LK,5HYV-134100-6001,Mid-Seat Installation Bracket,HERRAJE PARA VEHICULO,8302309100,Ex.,,108,PZA,0.3600,0.4600,49.68,IN
25CFTT179202-6,"Apr-12th,2026",11,CM1000UZ-8LK,5HYV-135000-4500-20,100x100 Waterproofing Bag,BOLSA DE PLASTICO,3923299101,,,432,PZA,0.0100,0.1600,69.12,A1
25CFTT179202-6,"Apr-12th,2026",12,CM1000UZ-8LK,5HYV-135000-4500-26,5HYV Annular Buffer Rubber Pad,GOMA ANTIVIBRACI0N,4016999907,,,1080,PZA,0.0020,0.1000,108.00,IN
25CFTT179202-6,"Apr-12th,2026",13,CM1000UZ-8LK,5HYV-135000-4500-27,Buffer Rubber Pad 35x15,GOMA ANTIVIBRACI0N,4016999907,,,540,PZA,0.0010,0.1400,75.60,IN
25CFTT179202-6,"Apr-12th,2026",14,CM1000UZ-8LK,5HYV-135000-4500-28,M6x16 Hexagon Socket Column Head Cap Screw,TORNILLO DE ACERO DE USO AUTOMOTRIZ,7318150400,Ex.,,432,PZA,0.0020,0.0100,4.32,IN
25CFTT179202-6,"Apr-12th,2026",15,CM1000UZ-8LK,5HYV-151000-6000,REGULATOR,RECTIFCADOR DE CORRIENTE,8504409900,Ex.,,16,PZA,0.9540,19.7400,315.84,IN
25CFTT179202-6,"Apr-12th,2026",16,CM1000UZ-8LK,5HYV-160116-6000,RH HIGH-BEAM,REFLECTOR DE USO AUTOMOTRIZ,3926300299,Ex.,,96,PZA,0.3000,12.2300,1174.08,IN
25CFTT179202-6,"Apr-12th,2026",17,CM1000UZ-8LK,5HYV-184030-6000,ENGINE EXPANSION BOX,DEPOSITO,8708999999,,,108,PZA,0.3940,3.2000,345.60,IN
25CFTT179202-6,"Apr-12th,2026",18,CM1000UZ-8LK,5HYV-222080-4100,HUDRAULIC LIFT,GATO HIDRAHULICO,8425429900,,,96,PZA,5.8720,139.9800,13438.08,IN
25CFTT179202-6,"Apr-12th,2026",19,CM1000UZ-8LK,5HYV-450150-6000,FRONT LH SUSPENSION ASSY,PARTE DE LA SUSPENSION,8708800500,,,48,PZA,0.6530,5.2300,251.04,IN
25CFTT179202-6,"Apr-12th,2026",20,CM1000UZ-8LK,5SYV-081000-8003,HYDRAULIC BRAKE ASSY,SISTEMA PARA FRENO HIDRAULICO,8708309901,,,30,PZA,12.9200,147.3500,4420.50,IN
25CFTT179202-6,"Apr-12th,2026",21,CM1000UZ-8LK,5SYV-132100-8000-20-H1,Front Installation Bracket,HERRAJE PARA VEHICULO,8302309100,Ex.,,216,PZA,1.0000,0.1000,21.60,IN
25CFTT179202-6,"Apr-12th,2026",22,CM1000UZ-8LK,5SYV-132100-8000-22-H1,Rear Installation Bracket,HERRAJE PARA VEHICULO,8302309100,Ex.,,216,PZA,1.0000,0.0800,17.28,IN
25CFTT179202-6,"Apr-12th,2026",23,CM1000UZ-8LK,5SYV-133100-8000,lower installation bracket,HERRAJE PARA VEHICULO,8302309100,Ex.,,216,PZA,1.0000,0.3900,84.24,IN
25CFTT179202-6,"Apr-12th,2026",24,CM1000UZ-8LK,5SYV-134000-2600-35,Column Hexagon Socket Screw M6x8,TORNILLO,7318150400,Ex.,,432,PZA,0.0030,0.0100,4.32,IN
25CFTT179202-6,"Apr-12th,2026",25,CM1000UZ-8LK,5SYV-134000-2600-36,"""Pan-head Cross Self-tapping Screw ST5x16 White Zinc""",TORNILLO,7318150400,Ex.,,216,PZA,0.0010,0.0100,2.16,IN
25CFTT179202-6,"Apr-12th,2026",26,CM1000UZ-8LK,5SYV-135100-8001-22-H1,Right side installation bracket,HERRAJE PARA VEHICULO,8302309100,Ex.,,216,PZA,1.0000,0.1800,38.88,IN
25CFTT179202-6,"Apr-12th,2026",27,CM1000UZ-8LK,5SYV-805300-8302,WIPER ASSY,CONJUNTO DE LIMPIEZA,8512400100,,,96,PZA,3.1000,69.2500,6648.00,IN
25CFTT179202-6,"Apr-12th,2026",28,CM1000UZ-8LK,5SYV-807300-8301-0RT00,FRONT LH DOOR ASSY,PARTE PARA CARROCERIA,8708299999,Ex.,,12,PZA,30.0000,228.4300,2741.16,IN
25CFTT179202-6,"Apr-12th,2026",29,CM1000UZ-8LK,5SYV-807400-8301-0RT00,FRONT RH DOOR ASSY,PARTE PARA CARROCERIA,8708299999,Ex.,,12,PZA,30.0000,237.0200,2844.24,IN
25CFTT179202-6,"Apr-12th,2026",30,CM1000UZ-8LK,5SYV-807700-8301-0RT00,REAR LH DOOR ASSY,PARTE PARA CARROCERIA,8708299999,Ex.,,9,PZA,24.5000,212.7400,1914.66,IN
25CFTT179202-6,"Apr-12th,2026",31,CM1000UZ-8LK,5SYV-807800-8301-0RT00,REAR RH DOOR ASSY,PARTE PARA CARROCERIA,8708299999,Ex.,,12,PZA,24.5000,212.9300,2555.16,IN
25CFTT179202-6,"Apr-12th,2026",32,CM1000UZ-8LK,9AWV-160112-8002,RH HEADLIGHT,FARO,8512209900,Ex.,,24,PZA,0.4300,43.8700,1052.88,IN
25CFTT179202-6,"Apr-12th,2026",33,CM1000UZ-8LK,TBT054,PACKAGING IRON FRAME,EMBALAJE METALICO,7326909999,,,4,PZA,21.2510,53.8900,215.56,A1
25CFTT179202-6,"Apr-12th,2026",34,CM1000UZ-8LK,TBT085,Packaging iron frame_2270_2960_1250,EMBALAJE METALICO,7326909999,,,6,PZA,155.0000,13.2700,79.62,A1
25CFTT179202-6,"Apr-12th,2026",35,CM1000UZ-8LK,0010-023010,Bolt M6x20,PERNO,7318159999,,1931R825050602,1296,PZA,0.0040,0.0100,12.96,IN
25CFTT179202-6,"Apr-12th,2026",36,CM1000UZ-8LK,5HY1-133300-6001,5HY1 Passenger seat back top Installation bracket welded parts,PARTE PARA ASIENTO,9401999901,,1931R826031342,432,PZA,0.1400,0.2500,108.00,IN
25CFTT179202-6,"Apr-12th,2026",37,CM1000UZ-8LK,5HYV-131100-6000-20,Backrest Cover,PARTE PARA ASIENTO,9401999901,,1931R826031342,210,PZA,0.5310,1.6300,342.30,IN
25CFTT179202-6,"Apr-12th,2026",38,CM1000UZ-8LK,5HYV-131100-6001-22,Backrest Shell,PARTE PARA ASIENTO,9401999901,,1931R826031342,200,PZA,1.0000,1.3100,262.00,IN
25CFTT179202-6,"Apr-12th,2026",39,CM1000UZ-8LK,5HYV-131200-6000-20,Seat Pan Cover,PARTE PARA ASIENTO,9401999901,,1931R826031342,210,PZA,0.5310,1.5200,319.20,IN
25CFTT179202-6,"Apr-12th,2026",40,CM1000UZ-8LK,5HYV-131200-6001-22,Seat Base Plate,PARTE PARA ASIENTO,9401999901,,1931R826031342,200,PZA,1.0000,1.5800,316.00,IN
25CFTT179202-6,"Apr-12th,2026",41,CM1000UZ-8LK,5HYV-131310-6000-20-H1,Frame Upper Cross Bar,PARTE PARA ASIENTO,9401999901,,1931R826031342,216,PZA,1.0000,0.2100,45.36,IN
25CFTT179202-6,"Apr-12th,2026",42,CM1000UZ-8LK,5HYV-131310-6000-21-H1,Backrest Enhencement Plate,PARTE PARA ASIENTO,9401999901,,1931R826031342,216,PZA,0.3600,0.1300,28.08,IN
25CFTT179202-6,"Apr-12th,2026",43,CM1000UZ-8LK,5HYV-131310-6000-22-H1,5HYV Frame Low Cross Bar,PARTES PARA AUTO,9401999901,,1931R826031342,216,PZA,0.2200,0.2100,45.36,IN
25CFTT179202-6,"Apr-12th,2026",44,CM1000UZ-8LK,5HYV-131312-6000-H1,Backrest Cross Bar,PARTE PARA ASIENTO,9401999901,,1931R826031342,216,PZA,0.3600,0.3200,69.12,IN
25CFTT179202-6,"Apr-12th,2026",45,CM1000UZ-8LK,5HYV-131315-6000-H1,Seat base Front,PARTE PARA ASIENTO,9401999901,,1931R826031342,216,PZA,0.3600,0.3900,84.24,IN
25CFTT179202-6,"Apr-12th,2026",46,CM1000UZ-8LK,5HYV-131318-6001-H1,Left Support tube,PARTE PARA ASIENTO,9401999901,,1931R826031342,108,PZA,0.3600,1.6700,180.36,IN
25CFTT179202-6,"Apr-12th,2026",47,CM1000UZ-8LK,5HYV-131320-6001-H1,Right Support Tube,PARTE PARA ASIENTO,9401999901,,1931R826031342,108,PZA,0.3600,1.6700,180.36,IN
25CFTT179202-6,"Apr-12th,2026",48,CM1000UZ-8LK,5HYV-131321-6000,5HYV Seatbase Slide Unlock Handle,PARTES PARA AUTO,9401999901,,1931R826031342,108,PZA,0.2300,0.6200,66.96,IN
25CFTT179202-6,"Apr-12th,2026",49,CM1000UZ-8LK,5HYV-132000-6000-20,Passenger Seat Cover,PARTE PARA ASIENTO,9401999901,,1931R826031342,180,PZA,0.5310,2.0200,363.60,IN
25CFTT179202-6,"Apr-12th,2026",50,CM1000UZ-8LK,5HYV-132000-6000-21,Passenger Seat base,PARTE PARA ASIENTO,9401999901,,1931R826031342,180,PZA,1.0000,2.1700,390.60,IN
25CFTT179202-6,"Apr-12th,2026",51,CM1000UZ-8LK,5HYV-133000-4500-21,5HYV Passenger Seatback Top inside Bracket,PARTES PARA AUTO,9401999901,,1931R826031342,432,PZA,0.7200,0.1500,64.80,IN
25CFTT179202-6,"Apr-12th,2026",52,CM1000UZ-8LK,5HYV-133000-6000-20,Passenger Seat Back Cover,PARTE PARA ASIENTO,9401999901,,1931R826031342,210,PZA,0.5310,1.4900,312.90,IN
25CFTT179202-6,"Apr-12th,2026",53,CM1000UZ-8LK,5HYV-133000-6001-21,Passenger Seat Back Plate,PARTE PARA ASIENTO,9401999901,,1931R826031342,200,PZA,0.6530,1.2200,244.00,IN
25CFTT179202-6,"Apr-12th,2026",54,CM1000UZ-8LK,5HYV-134000-4500-22,Sub-Master Screw M6x104,PERNO,7318159999,,1931R825050602,108,PZA,0.0040,0.1900,20.52,IN
25CFTT179202-6,"Apr-12th,2026",55,CM1000UZ-8LK,5HYV-134000-6000-22,Mid-Seat Backtrest plate,PARTE PARA ASIENTO,9401999901,,1931R826031342,80,PZA,1.0000,0.7700,61.60,IN
25CFTT179202-6,"Apr-12th,2026",56,CM1000UZ-8LK,5HYV-134000-6001-40,Plastic washer M8x16x1.0,ARANDELA,3926909999,,1931R826001276,216,PZA,0.0010,0.0200,4.32,IN
25CFTT179202-6,"Apr-12th,2026",57,CM1000UZ-8LK,5HYV-135000-4500-21,"""5HYV Seat Backrest Slide left""",PARTES PARA AUTO,9401999901,,1931R826031342,108,PZA,0.2300,1.9800,213.84,IN
25CFTT179202-6,"Apr-12th,2026",58,CM1000UZ-8LK,5HYV-135000-4500-22,"""5HYV Seat Backrest Slide Right""",PARTES PARA AUTO,9401999901,,1931R826031342,108,PZA,0.2300,1.9800,213.84,IN
25CFTT179202-6,"Apr-12th,2026",59,CM1000UZ-8LK,5HYV-135000-4500-23,M5 Nylon Nut Black Zinc,TUERCA,7318160603,,1931R825050547,216,PZA,0.0010,0.0100,2.16,IN
25CFTT179202-6,"Apr-12th,2026",60,CM1000UZ-8LK,5HYV-135000-4500-24,Washer M8x18x2.0,ARANDELA DE ACERO,7318229199,,1931R825050385,432,PZA,0.0010,0.0100,4.32,IN
25CFTT179202-6,"Apr-12th,2026",61,CM1000UZ-8LK,5HYV-135000-4500-25,M8x35 Column Top Screw 10.9 Level,PERNO,7318159999,,1931R825050602,432,PZA,0.0040,0.0400,17.28,IN
25CFTT179202-6,"Apr-12th,2026",62,CM1000UZ-8LK,5HYV-135000-4500-29,A-shape Clip,CLIP,3926909906,,1931R826001314,864,PZA,0.0010,0.0300,25.92,IN
25CFTT179202-6,"Apr-12th,2026",63,CM1000UZ-8LK,5HYV-155200-5300-M1,SOUND ASSY,ALTAVOCES,8518220299,,1931R825056909,9,PZA,1.5800,84.5500,760.95,IN
25CFTT179202-6,"Apr-12th,2026",64,CM1000UZ-8LK,5HYV-160210-6000,LH TAIL LIGHT ASSY,CALAVERA,8512200200,,1931R826001518,108,PZA,0.4500,18.0200,1946.16,IN
25CFTT179202-6,"Apr-12th,2026",65,CM1000UZ-8LK,5SYV-131120-8000,Support Plate,PARTE PARA ASIENTO,9401999901,,1931R826031342,108,PZA,0.3600,0.9000,97.20,IN
25CFTT179202-6,"Apr-12th,2026",66,CM1000UZ-8LK,5SYV-132100-8000-21-H1,Side Plate,PARTE PARA ASIENTO,9401999901,,1931R826031342,216,PZA,0.3600,0.5800,125.28,IN
25CFTT179202-6,"Apr-12th,2026",67,CM1000UZ-8LK,5SYV-134000-2600-20,5SYA Mid-backrest Elbow Pipe,PARTES PARA AUTO,9401999901,,1931R826031342,108,PZA,0.1720,0.6500,70.20,IN
25CFTT179202-6,"Apr-12th,2026",68,CM1000UZ-8LK,5SYV-134000-2600-21,5SYA Front Middle Seat Back Left L-shape Steel,PARTES PARA AUTO,9401999901,,1931R826031342,108,PZA,0.2300,0.2600,28.08,IN
25CFTT179202-6,"Apr-12th,2026",69,CM1000UZ-8LK,5SYV-134000-2600-22,5SYA Front Middle Seat BackRight L-shape Steel,PARTES PARA AUTO,9401999901,,1931R826031342,108,PZA,0.2300,0.2600,28.08,IN
25CFTT179202-6,"Apr-12th,2026",70,CM1000UZ-8LK,5SYV-134000-2600-23,5SYA Mid-Backrest round steel A,PARTES PARA AUTO,9401999901,,1931R826031342,108,PZA,0.2300,0.5100,55.08,IN
25CFTT179202-6,"Apr-12th,2026",71,CM1000UZ-8LK,5SYV-134000-2600-24,5SYA Mid-Backrest round steel B,PARTES PARA AUTO,9401999901,,1931R826031342,108,PZA,0.2300,0.5300,57.24,IN
25CFTT179202-6,"Apr-12th,2026",72,CM1000UZ-8LK,5SYV-134000-2600-25,5SYA Middle Seat Back Cup Holder Positionning Front,PARTES PARA AUTO,9401999901,,1931R826031342,108,PZA,0.2300,0.1400,15.12,IN
25CFTT179202-6,"Apr-12th,2026",73,CM1000UZ-8LK,5SYV-134000-2600-26,5SYA Middle Seatback Cup Holder Positionning Rear,PARTES PARA AUTO,9401999901,,1931R826031342,108,PZA,0.2300,0.1300,14.04,IN
25CFTT179202-6,"Apr-12th,2026",74,CM1000UZ-8LK,5SYV-134000-2600-27,"""5SYA Mid-backrest Rotating Parts left""",PARTES PARA AUTO,9401999901,,1931R826031342,108,PZA,0.1000,0.0400,4.32,IN
25CFTT179202-6,"Apr-12th,2026",75,CM1000UZ-8LK,5SYV-134000-2600-28,"""5SYA Mid-backrest Rotating Parts right""",PARTES PARA AUTO,9401999901,,1931R826031342,108,PZA,0.1000,0.0400,4.32,IN
25CFTT179202-6,"Apr-12th,2026",76,CM1000UZ-8LK,5SYV-134000-2600-29,Column Top Step Screw M6x115,TORNILLO,7318159904,,1931R825050534,216,PZA,0.0080,0.0500,10.80,IN
25CFTT179202-6,"Apr-12th,2026",77,CM1000UZ-8LK,5SYV-134000-2600-30,Column Top Step Screw M8x13,TORNILLO,7318159905,,1931R825050616,216,PZA,0.0080,0.0600,12.96,IN
25CFTT179202-6,"Apr-12th,2026",78,CM1000UZ-8LK,5SYV-134100-8001-21-H1,left Plate,PARTE PARA ASIENTO,9401999901,,1931R826031342,108,PZA,0.3600,0.4900,52.92,IN
25CFTT179202-6,"Apr-12th,2026",79,CM1000UZ-8LK,5SYV-134100-8001-22-H1,Cross Bar,PARTE PARA ASIENTO,9401999901,,1931R826031342,108,PZA,0.3600,0.2300,24.84,IN
25CFTT179202-6,"Apr-12th,2026",80,CM1000UZ-8LK,5SYV-134100-8001-23-H1,Right Plate,PARTE PARA ASIENTO,9401999901,,1931R826031342,108,PZA,0.3600,0.4900,52.92,IN
25CFTT179202-6,"Apr-12th,2026",81,CM1000UZ-8LK,5SYV-134100-8001-24-H1,lower installation Plate,PARTE PARA ASIENTO,9401999901,,1931R826031342,108,PZA,0.3600,0.5500,59.40,IN
25CFTT179202-6,"Apr-12th,2026",82,CM1000UZ-8LK,5SYV-135000-2600-20,5SYA Passenger Seatback top bracket welded parts,PARTES PARA AUTO,9401999901,,1931R826031342,216,PZA,0.1700,0.1100,23.76,IN
25CFTT179202-6,"Apr-12th,2026",83,CM1000UZ-8LK,5SYV-135000-2600-21,"""5SYA Passenger Seatback bottom bracket sheet metal left""",PARTES PARA AUTO,9401999901,,1931R826031342,108,PZA,0.2300,0.0500,5.40,IN
25CFTT179202-6,"Apr-12th,2026",84,CM1000UZ-8LK,5SYV-135000-2600-22,"""5SYA Passenger Seatback bottom bracket sheet metal right""",PARTES PARA AUTO,9401999901,,1931R826031342,108,PZA,0.2300,0.0500,5.40,IN
25CFTT179202-6,"Apr-12th,2026",85,CM1000UZ-8LK,5SYV-135100-8000-21-H1,Left Support tube,PARTE PARA ASIENTO,9401999901,,1931R826031342,108,PZA,1.0000,0.8600,92.88,IN
25CFTT179202-6,"Apr-12th,2026",86,CM1000UZ-8LK,5SYV-135100-8000-23-H1,Right Side SupportTube,PARTE PARA ASIENTO,9401999901,,1931R826031342,108,PZA,1.0000,0.8600,92.88,IN
25CFTT179202-6,"Apr-12th,2026",87,CM1000UZ-8LK,5SYV-150100-2500,MAIN CABLE,ARNES PARA USO AUTOMOTRIZ,8544309901,Ex. Excepto: Arneses reconocibles como diseñados exclusivamente para uso automotriz.,1931R825057868,48,PZA,26.8500,258.0400,12385.92,IN